test_index,true_class
0,0
1,1
2,0
3,1
4,1
5,0
6,1
7,1
8,1
9,0
10,1
11,0
12,1
13,1
14,0
15,1
16,0
17,1
18,1
19,1
20,1
21,0
22,0
23,0
24,0
25,1
26,1
27,0
28,1
29,1
30,1
31,1
32,1
33,1
34,1
35,1
36,1
37,0
38,1
39,1
40,1
41,1
42,0
43,0
44,1
45,0
46,1
47,1
48,1
49,1
50,1
51,1
52,1
53,1
54,0
55,1
56,1
57,1
58,0
59,0
60,1
61,1
62,0
63,1
64,0
65,1
66,1
67,0
68,1
69,1
70,1
71,0
72,0
73,0
74,1
75,1
76,1
77,1
78,1
79,1
80,1
81,0
82,1
83,1
84,1
85,1
86,1
87,0
88,1
89,1
90,1
91,1
92,1
93,1
94,0
95,1
96,1
97,1
98,1
99,0
100,1
101,0
102,1
103,0
104,1
105,0
106,1
107,0
108,0
109,1
110,1
111,1
112,1
113,1
114,1
115,0
116,0
117,0
118,0
119,1
120,1
121,0
122,1
123,1
124,0
125,1
126,1
127,1
128,0
129,0
130,1
131,1
132,1
133,0
134,1
135,0
136,0
137,1
138,0
139,1
140,1
141,1
142,1
143,0
144,1
145,0
146,0
147,0
148,0
149,0
150,0
151,0
152,1
153,0
154,0
155,0
156,0
157,1
158,1
159,0
160,0
161,0
162,0
163,0
164,0
165,0
166,0
167,0
168,0
169,0
170,1
171,0
172,0
173,0
174,1
175,0
176,1
177,1
178,1
179,1
180,0
181,1
182,1
183,0
184,0
185,1
186,0
187,0
188,0
189,0
190,0
191,1
192,0
193,0
194,0
195,1
196,0
197,0
198,1
199,1
200,0
201,0
202,0
203,0
204,0
205,1
206,1
207,0
208,1
209,1
210,1
211,1
212,1
213,1
214,0
215,1
216,0
217,1
218,1
219,1
220,1
221,0
222,0
223,1
224,0
225,1
226,1
227,1
228,0
229,1
230,1
231,0
232,1
233,0
234,0
235,0
236,1
237,1
238,1
239,1
240,1
241,1
242,0
243,0
244,0
245,0
246,0
247,1
248,1
249,0
250,1
251,1
252,0
253,1
254,0
255,1
256,0
257,0
258,0
259,1
260,1
261,1
262,1
263,0
264,0
265,0
266,1
267,0
268,0
269,1
270,1
271,0
272,0
273,0
274,0
275,0
276,0
277,0
278,0
279,0
280,0
281,1
282,1
283,0
284,0
285,1
286,0
287,0
288,0
289,0
290,0
291,1
292,1
293,1
294,0
295,1
296,1
297,0
298,0
299,1
300,0
301,0
302,0
303,1
304,1
305,0
306,0
307,1
308,0
309,0
310,0
311,0
312,1
313,1
314,0
315,0
316,0
317,0
318,0
319,1
320,1
321,1
322,0
323,0
324,1
325,0
326,0
327,1
328,1
329,0
330,0
331,1
332,0
333,0
334,0
335,0
336,1
337,0
338,1
339,1
340,0
341,0
342,1
343,0
344,1
345,0
346,0
347,0
348,1
349,1
350,0
351,0
352,1
353,1
354,1
355,0
356,1
357,1
358,0
359,0
360,0
361,0
362,0
363,1
364,1
365,0
366,0
367,1
368,0
369,1
370,1
371,0
372,1
373,1
374,1
375,0
376,0
377,1
378,0
379,1
380,0
381,0
382,1
383,1
384,1
385,1
386,1
387,1
388,1
389,1
390,1
391,0
392,0
393,0
394,1
395,0
396,0
397,0
398,1
399,1
400,1
401,0
402,0
403,1
404,1
405,0
406,0
407,1
408,0
409,1
410,1
411,1
412,0
413,1
414,0
415,1
416,0
417,0
418,0
419,0
420,1
421,0
422,0
423,1
424,1
425,1
426,0
427,1
428,0
429,1
430,1
431,1
432,0
433,0
434,1
435,1
436,1
437,1
438,1
439,0
440,1
441,1
442,1
443,0
444,0
445,1
446,0
447,1
448,0
449,1
450,0
451,1
452,1
453,1
454,1
455,1
456,1
457,1
458,1
459,1
460,0
461,0
462,1
463,1
464,1
465,0
466,1
467,1
468,1
469,1
470,1
471,1
472,1
473,0
474,1
475,1
476,1
477,0
478,0
479,0
480,0
481,0
482,1
483,1
484,1
485,0
486,1
487,0
488,0
489,1
490,1
491,1
492,0
493,0
494,1
495,0
496,0
497,1
498,0
499,0
500,0
501,0
502,1
503,0
504,1
505,0
506,1
507,1
508,1
509,0
510,1
511,0
512,0
513,1
514,1
515,0
516,1
517,1
518,0
519,0
520,0
521,0
522,0
523,0
524,1
525,0
526,1
527,0
528,1
529,0
530,0
531,0
532,0
533,1
534,0
535,0
536,0
537,1
538,1
539,0
540,1
541,1
542,0
543,1
544,1
545,1
546,1
547,0
548,1
549,0
550,1
551,0
552,1
553,1
554,1
555,1
556,0
557,1
558,1
559,1
560,0
561,1
562,0
563,0
564,0
565,1
566,0
567,1
568,0
569,1
570,0
571,1
572,1
573,0
574,0
575,1
576,1
577,1
578,0
579,0
580,1
581,0
582,0
583,0
584,1
585,0
586,0
587,1
588,0
589,0
590,0
591,0
592,1
593,1
594,1
595,1
596,1
597,0
598,0
599,1
600,0
601,0
602,1
603,1
604,1
605,0
606,0
607,0
608,1
609,0
610,1
611,1
612,0
613,1
614,0
615,1
616,0
617,1
618,1
619,1
620,0
621,0
622,0
623,0
624,0
625,0
626,1
627,0
628,1
629,1
630,1
631,0
632,0
633,0
634,1
635,1
636,0
637,0
638,0
639,0
640,1
641,0
642,0
643,1
644,0
645,0
646,0
647,1
648,0
649,1
650,1
651,0
652,0
653,0
654,0
655,1
656,0
657,1
658,0
659,1
660,0
661,1
662,1
663,1
664,1
665,1
666,0
667,0
668,1
669,1
670,1
671,1
672,1
673,0
674,0
675,0
676,1
677,1
678,0
679,1
680,1
681,1
682,1
683,1
684,0
685,1
686,1
687,1
688,0
689,1
690,0
691,1
692,1
693,0
694,1
695,1
696,1
697,0
698,0
699,0
700,1
701,0
702,1
703,1
704,1
705,0
706,0
707,1
708,1
709,1
710,0
711,1
712,1
713,1
714,0
715,1
716,0
717,1
718,0
719,0
720,1
721,1
722,0
723,0
724,0
725,1
726,0
727,1
728,0
729,0
730,1
731,1
732,1
733,0
734,1
735,1
736,1
737,1
738,0
739,1
740,0
741,1
742,0
743,0
744,0
745,1
746,1
747,1
748,0
749,0
750,1
751,1
752,1
753,0
754,1
755,0
756,1
757,1
758,0
759,0
760,0
761,0
762,0
763,0
764,0
765,1
766,1
767,1
768,1
769,0
770,1
771,0
772,0
773,1
774,1
775,1
776,0
777,1
778,1
779,1
780,0
781,1
782,0
783,1
784,1
785,0
786,0
787,0
788,0
789,0
790,0
791,0
792,0
793,0
794,0
795,0
796,0
797,0
798,0
799,0
800,1
801,0
802,1
803,0
804,0
805,1
806,1
807,0
808,1
809,1
810,1
811,0
812,1
813,0
814,0
815,0
816,1
817,0
818,1
819,1
820,0
821,1
822,0
823,1
824,0
825,0
826,0
827,0
828,0
829,0
830,0
831,1
832,1
833,0
834,0
835,0
836,0
837,1
838,1
839,1
840,0
841,1
842,1
843,1
844,1
845,0
846,1
847,0
848,0
849,1
850,1
851,1
852,0
853,1
854,0
855,1
856,1
857,0
858,1
859,0
860,1
861,1
862,0
863,0
864,1
865,0
866,0
867,0
868,0
869,0
870,1
871,0
872,1
873,0
874,1
875,0
876,0
877,1
878,1
879,0
880,0
881,1
882,0
883,0
884,0
885,0
886,0
887,1
888,1
889,1
890,0
891,0
892,0
893,1
894,0
895,0
896,0
897,1
898,0
899,1
900,1
901,0
902,0
903,0
904,0
905,1
906,0
907,0
908,1
909,0
910,1
911,1
912,1
913,0
914,1
915,0
916,0
917,1
918,1
919,1
920,1
921,0
922,1
923,1
924,1
925,0
926,1
927,0
928,1
929,1
930,1
931,0
932,1
933,1
934,1
935,1
936,0
937,0
938,1
939,0
940,1
941,0
942,1
943,0
944,0
945,1
946,1
947,1
948,0
949,1
950,0
951,1
952,1
953,0
954,1
955,1
956,0
957,0
958,1
959,1
960,1
961,0
962,0
963,1
964,0
965,1
966,1
967,1
968,0
969,0
970,1
971,1
972,1
973,1
974,0
975,0
976,0
977,1
978,1
979,0
980,1
981,0
982,0
983,1
984,0
985,0
986,1
987,1
988,1
989,0
990,1
991,1
992,0
993,1
994,0
995,1
996,0
997,1
998,1
999,0
1000,1
1001,0
1002,0
1003,0
1004,0
1005,0
1006,1
1007,0
1008,1
1009,0
1010,1
1011,0
1012,1
1013,0
1014,0
1015,1
1016,1
1017,0
1018,0
1019,0
1020,1
1021,0
1022,1
1023,0
1024,1
1025,0
1026,1
1027,0
1028,0
1029,1
1030,0
1031,0
1032,0
1033,0
1034,0
1035,1
1036,0
1037,1
1038,0
1039,1
1040,0
1041,0
1042,0
1043,1
1044,0
1045,1
1046,0
1047,1
1048,1
1049,1
1050,1
1051,1
1052,1
1053,0
1054,1
1055,1
1056,0
1057,0
1058,0
1059,1
1060,0
1061,0
1062,1
1063,0
1064,0
1065,1
1066,0
1067,1
1068,0
1069,1
1070,1
1071,1
1072,0
1073,0
1074,0
1075,0
1076,0
1077,1
1078,1
1079,0
1080,1
1081,1
1082,0
1083,0
1084,0
1085,1
1086,0
1087,1
1088,0
1089,0
1090,1
1091,1
1092,1
1093,0
1094,0
1095,1
1096,0
1097,0
1098,1
1099,0
1100,0
1101,1
1102,1
1103,1
1104,0
1105,0
1106,0
1107,0
1108,0
1109,1
1110,1
1111,0
1112,1
1113,1
1114,1
1115,0
1116,1
1117,0
1118,1
1119,1
1120,1
1121,0
1122,1
1123,0
1124,1
1125,0
1126,1
1127,1
1128,0
1129,1
1130,1
1131,1
1132,1
1133,1
1134,1
1135,1
1136,0
1137,0
1138,1
1139,1
1140,1
1141,0
1142,1
1143,1
1144,0
1145,1
1146,1
1147,1
1148,1
1149,0
1150,1
1151,1
1152,1
1153,1
1154,0
1155,0
1156,1
1157,1
1158,1
1159,0
1160,0
1161,0
1162,1
1163,1
1164,1
1165,1
1166,1
1167,1
1168,1
1169,1
1170,1
1171,1
1172,1
1173,1
1174,1
1175,0
1176,1
1177,1
1178,1
1179,0
1180,1
1181,1
1182,1
1183,0
1184,1
1185,0
1186,1
1187,1
1188,0
1189,1
1190,1
1191,1
1192,0
1193,0
1194,0
1195,0
1196,1
1197,0
1198,1
1199,0
1200,1
1201,1
1202,1
1203,1
1204,1
1205,1
1206,0
1207,1
1208,1
1209,0
1210,1
1211,1
1212,1
1213,1
1214,0
1215,1
1216,0
1217,0
1218,0
1219,0
1220,0
1221,1
1222,0
1223,0
1224,1
1225,0
1226,0
1227,0
1228,0
1229,1
1230,0
1231,0
1232,0
1233,0
1234,1
1235,0
1236,0
1237,1
1238,1
1239,1
1240,1
1241,1
1242,1
1243,1
1244,1
1245,0
1246,1
1247,0
1248,0
1249,1
1250,0
1251,1
1252,0
1253,1
1254,0
1255,0
1256,0
1257,1
1258,1
1259,1
1260,1
1261,0
1262,0
1263,1
1264,1
1265,0
1266,0
1267,0
1268,0
1269,0
1270,0
1271,0
1272,0
1273,0
1274,0
1275,0
1276,0
1277,0
1278,0
1279,0
1280,0
1281,1
1282,0
1283,0
1284,0
1285,0
1286,0
1287,0
1288,0
1289,0
1290,0
1291,0
1292,0
1293,0
1294,0
1295,0
1296,0
1297,0
1298,0
1299,0
1300,0
1301,0
1302,0
1303,0
1304,0
1305,0
1306,0
1307,0
1308,0
1309,0
1310,0
1311,0
1312,0
1313,1
1314,0
1315,0
1316,0
1317,0
1318,0
1319,0
1320,0
1321,1
1322,0
1323,0
1324,1
1325,0
1326,0
1327,1
1328,0
1329,0
1330,0
1331,0
1332,0
1333,1
1334,0
1335,1
1336,0
1337,0
1338,0
1339,0
1340,0
1341,0
1342,0
1343,1
1344,0
1345,0
1346,0
1347,0
1348,1
1349,0
1350,0
1351,0
1352,0
1353,0
1354,0
1355,1
1356,0
1357,0
1358,0
1359,0
1360,0
1361,0
1362,0
1363,0
1364,0
1365,0
1366,0
1367,0
1368,0
1369,0
1370,0
1371,0
1372,0
1373,0
1374,1
1375,0
1376,0
1377,0
1378,1
1379,0
1380,0
1381,1
1382,0
1383,0
1384,1
1385,0
1386,0
1387,1
1388,1
1389,1
1390,1
1391,1
1392,1
1393,0
1394,0
1395,1
1396,0
1397,0
1398,1
1399,1
1400,0
1401,0
1402,0
1403,1
1404,1
1405,1
1406,0
1407,0
1408,0
1409,0
1410,0
1411,1
1412,0
1413,0
1414,0
1415,1
1416,1
1417,1
1418,0
1419,1
1420,0
1421,0
1422,1
1423,1
1424,1
1425,0
1426,0
1427,1
1428,1
1429,1
1430,0
1431,1
1432,0
1433,1
1434,0
1435,1
1436,0
1437,1
1438,1
1439,1
1440,1
1441,1
1442,1
1443,0
1444,0
1445,1
1446,1
1447,1
1448,0
1449,0
1450,1
1451,1
1452,0
1453,0
1454,1
1455,0
1456,1
1457,1
1458,1
1459,1
1460,1
1461,0
1462,1
1463,1
1464,0
1465,0
1466,1
1467,1
1468,1
1469,1
1470,1
1471,1
1472,1
1473,1
1474,1
1475,1
1476,0
1477,1
1478,1
1479,1
1480,0
1481,1
1482,0
1483,1
1484,1
1485,0
1486,0
1487,1
1488,1
1489,1
1490,1
1491,0
1492,1
1493,1
1494,1
1495,1
1496,1
1497,0
1498,0
1499,0
1500,1
1501,0
1502,1
1503,1
1504,1
1505,1
1506,1
1507,1
1508,1
1509,1
1510,0
1511,1
1512,1
1513,1
1514,0
1515,0
1516,0
1517,1
1518,1
1519,0
1520,0
1521,1
1522,0
1523,1
1524,0
1525,1
1526,0
1527,1
1528,0
1529,1
1530,0
1531,1
1532,1
1533,1
1534,1
1535,1
1536,1
1537,1
1538,0
1539,1
1540,1
1541,1
1542,1
1543,1
1544,1
1545,1
1546,1
1547,1
1548,1
1549,1
1550,1
1551,1
1552,1
1553,1
1554,1
1555,1
1556,1
1557,1
1558,1
1559,1
1560,1
1561,1
1562,1
1563,0
1564,1
1565,1
1566,1
1567,1
1568,1
1569,1
1570,1
1571,1
1572,1
1573,1
1574,1
1575,1
1576,1
1577,1
1578,1
1579,1
1580,1
1581,1
1582,1
1583,1
1584,1
1585,1
1586,1
1587,1
1588,1
1589,1
1590,1
1591,1
1592,1
1593,0
1594,1
1595,1
1596,0
1597,1
1598,0
1599,0
1600,1
1601,1
1602,1
1603,1
1604,1
1605,1
1606,1
1607,1
1608,1
1609,1
1610,1
1611,1
1612,1
1613,0
1614,1
1615,1
1616,1
1617,1
1618,1
1619,1
1620,1
1621,1
1622,0
1623,1
1624,1
1625,1
1626,1
1627,1
1628,1
1629,1
1630,1
1631,1
1632,1
1633,1
1634,1
1635,1
1636,1
1637,1
1638,1
1639,1
1640,1
1641,1
1642,1
1643,1
1644,1
1645,1
1646,0
1647,1
1648,1
1649,0
1650,1
1651,1
1652,1
1653,1
1654,0
1655,1
1656,1
1657,1
1658,1
1659,1
1660,1
1661,0
1662,0
1663,0
1664,1
1665,1
1666,1
1667,1
1668,1
1669,1
1670,0
1671,1
1672,1
1673,1
1674,1
1675,1
1676,1
1677,1
1678,1
1679,0
1680,1
1681,1
1682,1
1683,1
1684,0
1685,1
1686,0
1687,1
1688,0
1689,0
1690,1
1691,1
1692,1
1693,1
1694,1
1695,1
1696,1
1697,1
1698,1
1699,1
1700,1
1701,0
1702,1
1703,1
1704,1
1705,1
1706,1
1707,1
1708,1
1709,1
1710,1
1711,1
1712,1
1713,1
1714,1
1715,0
1716,0
1717,1
1718,1
1719,1
1720,1
1721,0
1722,1
1723,1
1724,1
1725,1
1726,0
1727,1
1728,1
1729,1
1730,1
1731,0
1732,1
1733,1
1734,1
1735,1
1736,1
1737,1
1738,1
1739,1
1740,0
1741,0
1742,1
1743,1
1744,0
1745,1
1746,1
1747,1
1748,1
1749,1
1750,0
1751,0
1752,0
1753,0
1754,1
1755,1
1756,1
1757,1
1758,1
1759,1
1760,1
1761,0
1762,0
1763,1
1764,1
1765,1
1766,0
1767,1
1768,0
1769,1
1770,0
1771,1
1772,0
1773,0
1774,1
1775,0
1776,0
1777,1
1778,1
1779,1
1780,1
1781,1
1782,0
1783,1
1784,0
1785,0
1786,0
1787,0
1788,1
1789,0
1790,0
1791,0
1792,0
1793,0
1794,0
1795,1
1796,0
1797,1
1798,0
1799,0
1800,0
1801,1
1802,0
1803,0
1804,0
1805,0
1806,0
1807,0
1808,0
1809,0
1810,0
1811,0
1812,0
1813,0
1814,0
1815,0
1816,0
1817,0
1818,0
1819,0
1820,0
1821,0
1822,0
1823,0
1824,0
1825,0
1826,0
1827,0
1828,0
1829,0
1830,0
1831,0
1832,0
1833,0
1834,0
1835,0
1836,0
1837,0
1838,0
1839,0
1840,0
1841,0
1842,0
1843,0
1844,0
1845,0
1846,0
1847,0
1848,0
1849,0
1850,0
1851,0
1852,0
1853,0
1854,0
1855,0
1856,0
1857,0
1858,0
1859,0
1860,0
1861,0
1862,0
1863,0
1864,0
1865,0
1866,0
1867,0
1868,0
1869,0
1870,0
1871,0
1872,0
1873,0
1874,0
1875,0
1876,0
1877,0
1878,0
1879,0
1880,0
1881,0
1882,0
1883,0
1884,0
1885,0
1886,0
1887,0
1888,0
1889,0
1890,0
1891,0
1892,0
1893,0
1894,0
1895,0
1896,0
1897,0
1898,0
1899,0
1900,0
1901,0
1902,0
1903,0
1904,0
1905,0
1906,0
1907,0
1908,0
1909,0
1910,0
1911,0
1912,0
1913,0
1914,0
1915,0
1916,0
1917,0
1918,0
1919,0
1920,0
1921,0
1922,0
1923,0
1924,0
1925,0
1926,0
1927,0
1928,0
1929,0
1930,0
1931,0
1932,0
1933,0
1934,0
1935,0
1936,0
1937,0
1938,0
1939,0
1940,0
1941,0
1942,0
1943,0
1944,0
1945,0
1946,0
1947,0
1948,0
1949,0
1950,0
1951,0
1952,0
1953,0
1954,0
1955,0
1956,0
1957,0
1958,0
1959,0
1960,0
1961,0
1962,0
1963,0
1964,0
1965,0
1966,0
1967,0
1968,0
1969,0
1970,0
1971,0
1972,0
1973,0
1974,0
1975,0
1976,0
1977,0
1978,0
1979,0
1980,0
1981,0
1982,0
1983,0
1984,0
1985,0
1986,0
1987,1
1988,0
1989,0
1990,0
1991,0
1992,1
1993,0
1994,0
1995,1
1996,0
1997,0
1998,0
1999,0
2000,1
2001,0
2002,1
2003,0
2004,0
2005,0
2006,1
2007,1
2008,0
2009,0
2010,0
2011,0
2012,1
2013,0
2014,0
2015,0
2016,1
2017,0
2018,0
2019,0
2020,1
2021,1
2022,0
2023,0
2024,0
2025,0
2026,1
2027,1
2028,0
2029,0
2030,1
2031,1
2032,1
2033,0
2034,0
2035,1
2036,1
2037,0
2038,0
2039,0
2040,0
2041,1
2042,1
2043,1
2044,1
2045,0
2046,1
2047,1
2048,1
2049,1
2050,0
2051,0
2052,1
2053,1
2054,0
2055,0
2056,1
2057,1
2058,1
2059,0
2060,0
2061,1
2062,0
2063,1
2064,1
2065,1
2066,1
2067,0
2068,1
2069,1
2070,1
2071,0
2072,1
2073,1
2074,0
2075,1
2076,1
2077,0
2078,1
2079,0
2080,1
2081,1
2082,0
2083,1
2084,1
2085,0
2086,1
2087,1
2088,1
2089,1
2090,1
2091,0
2092,1
2093,1
2094,0
2095,1
2096,1
2097,1
2098,0
2099,0
2100,1
2101,1
2102,1
2103,1
2104,1
2105,1
2106,1
2107,1
2108,1
2109,1
2110,1
2111,1
2112,1
2113,0
2114,1
2115,1
2116,1
2117,1
2118,1
2119,1
2120,1
2121,1
2122,1
2123,1
2124,1
2125,0
2126,1
2127,1
2128,1
2129,1
2130,1
2131,1
2132,0
2133,1
2134,1
2135,1
2136,1
2137,0
2138,1
2139,0
2140,1
2141,1
2142,1
2143,1
2144,1
2145,1
2146,1
2147,0
2148,0
2149,1
2150,1
2151,1
2152,1
2153,0
2154,1
2155,1
2156,1
2157,1
2158,1
2159,1
2160,1
2161,1
2162,1
2163,1
2164,1
2165,0
2166,0
2167,1
2168,1
2169,1
2170,1
2171,1
2172,1
2173,1
2174,1
2175,1
2176,1
2177,1
2178,1
2179,1
2180,1
2181,1
2182,1
2183,0
2184,1
2185,1
2186,1
2187,1
2188,0
2189,1
2190,1
2191,1
2192,0
2193,1
2194,1
2195,1
2196,1
2197,1
2198,1
2199,1
2200,1
2201,1
2202,1
2203,1
2204,1
2205,1
2206,1
2207,1
2208,1
2209,1
2210,1
2211,1
2212,1
2213,1
2214,1
2215,1
2216,1
2217,1
2218,1
2219,1
2220,1
2221,1
2222,1
2223,1
2224,1
2225,1
2226,1
2227,1
2228,1
2229,1
2230,1
2231,1
2232,1
2233,1
2234,1
2235,1
2236,1
2237,1
2238,1
2239,1
2240,1
2241,1
2242,1
2243,1
2244,0
2245,1
2246,1
2247,1
2248,1
2249,1
2250,1
2251,1
2252,1
2253,1
2254,1
2255,1
2256,1
2257,1
2258,1
2259,1
2260,1
2261,1
2262,1
2263,1
2264,1
2265,1
2266,1
2267,0
2268,1
2269,1
2270,1
2271,1
2272,1
2273,1
2274,1
2275,1
2276,1
2277,1
2278,1
2279,1
2280,1
2281,1
2282,1
2283,1
2284,1
2285,1
2286,1
2287,1
2288,1
2289,1
2290,1
2291,1
2292,1
2293,1
2294,1
2295,1
2296,1
2297,1
2298,1
2299,1
2300,1
2301,1
2302,1
2303,1
2304,1
2305,1
2306,1
2307,1
2308,1
2309,1
2310,1
2311,1
2312,1
2313,1
2314,1
2315,1
2316,0
2317,1
2318,1
2319,0
2320,1
2321,1
2322,1
2323,1
2324,1
2325,1
2326,1
2327,1
2328,1
2329,1
2330,1
2331,1
2332,1
2333,1
2334,1
2335,1
2336,1
2337,1
2338,1
2339,1
2340,1
2341,0
2342,1
2343,1
2344,1
2345,0
2346,1
2347,1
2348,1
2349,1
2350,1
2351,1
2352,1
2353,1
2354,1
2355,1
2356,1
2357,1
2358,1
2359,0
2360,1
2361,1
2362,1
2363,1
2364,1
2365,1
2366,0
2367,1
2368,1
2369,0
2370,1
2371,0
2372,0
2373,1
2374,1
2375,1
2376,1
2377,1
2378,1
2379,1
2380,1
2381,1
2382,0
2383,1
2384,0
2385,0
2386,1
2387,1
2388,1
2389,1
2390,1
2391,0
2392,1
2393,0
2394,1
2395,1
2396,1
2397,1
2398,0
2399,1
2400,1
2401,1
2402,0
2403,1
2404,1
2405,1
2406,1
2407,0
2408,1
2409,1
2410,0
2411,0
2412,0
2413,1
2414,0
2415,0
2416,1
2417,0
2418,0
2419,0
2420,0
2421,0
2422,0
2423,0
2424,0
2425,0
2426,0
2427,0
2428,0
2429,0
2430,0
2431,0
2432,0
2433,0
2434,0
2435,0
2436,0
2437,0
2438,0
2439,0
2440,0
2441,0
2442,0
2443,0
2444,0
2445,0
2446,0
2447,0
2448,0
2449,0
2450,0
2451,0
2452,0
2453,0
2454,0
2455,0
2456,0
2457,0
2458,0
2459,0
2460,0
2461,0
2462,0
2463,0
2464,0
2465,0
2466,0
2467,0
2468,0
2469,0
2470,0
2471,0
2472,0
2473,0
2474,0
2475,0
2476,0
2477,0
2478,0
2479,0
2480,0
2481,0
2482,0
2483,0
2484,0
2485,0
2486,0
2487,0
2488,0
2489,0
2490,0
2491,0
2492,0
2493,0
2494,0
2495,0
2496,0
2497,0
2498,0
2499,0
2500,0
2501,0
2502,0
2503,0
2504,0
2505,0
2506,0
2507,0
2508,0
2509,0
2510,0
2511,0
2512,0
2513,0
2514,0
2515,0
2516,0
2517,0
2518,0
2519,0
2520,0
2521,0
2522,0
2523,0
2524,0
2525,0
2526,0
2527,0
2528,0
2529,0
2530,0
2531,0
2532,0
2533,0
2534,0
2535,0
2536,0
2537,0
2538,0
2539,0
2540,0
2541,0
2542,0
2543,0
2544,0
2545,0
2546,0
2547,0
2548,0
2549,0
2550,0
2551,0
2552,0
2553,0
2554,0
2555,0
2556,0
2557,0
2558,0
2559,0
2560,0
2561,0
2562,0
2563,0
2564,0
2565,0
2566,0
2567,0
2568,0
2569,0
2570,0
2571,0
2572,0
2573,0
2574,0
2575,0
2576,0
2577,0
2578,0
2579,0
2580,0
2581,0
2582,0
2583,0
2584,0
2585,0
2586,0
2587,0
2588,0
2589,0
2590,0
2591,0
2592,0
2593,0
2594,0
2595,0
2596,0
2597,0
2598,0
2599,0
2600,0
2601,0
2602,0
2603,0
2604,0
2605,0
2606,0
2607,0
2608,0
2609,0
2610,0
2611,0
2612,0
2613,0
2614,0
2615,0
2616,0
2617,0
2618,0
2619,0
2620,0
2621,0
2622,0
2623,0
2624,0
2625,0
2626,0
2627,0
2628,0
2629,0
2630,0
2631,0
2632,0
2633,0
2634,0
2635,0
2636,0
2637,0
2638,0
2639,0
2640,0
2641,0
2642,0
2643,0
2644,0
2645,0
2646,0
2647,0
2648,0
2649,0
2650,0
2651,0
2652,0
2653,0
2654,0
2655,0
2656,0
2657,0
2658,0
2659,0
2660,0
2661,0
2662,0
2663,0
2664,0
2665,0
2666,0
2667,0
2668,0
2669,0
2670,0
2671,0
2672,0
2673,0
2674,0
2675,0
2676,0
2677,1
2678,0
2679,0
2680,0
2681,0
2682,0
2683,1
2684,0
2685,1
2686,0
2687,1
2688,0
2689,0
2690,0
2691,0
2692,0
2693,1
2694,0
2695,0
2696,0
2697,1
2698,0
2699,1
2700,1
2701,0
2702,0
2703,0
2704,1
2705,0
2706,1
2707,1
2708,0
2709,0
2710,1
2711,0
2712,0
2713,0
2714,0
2715,1
2716,1
2717,0
2718,0
2719,1
2720,0
2721,1
2722,1
2723,1
2724,0
2725,1
2726,1
2727,1
2728,0
2729,1
2730,0
2731,0
2732,1
2733,1
2734,1
2735,0
2736,0
2737,1
2738,1
2739,1
2740,0
2741,0
2742,1
2743,1
2744,1
2745,0
2746,1
2747,1
2748,0
2749,0
2750,1
2751,1
2752,1
2753,0
2754,1
2755,1
2756,1
2757,0
2758,1
2759,0
2760,1
2761,0
2762,1
2763,1
2764,1
2765,1
2766,1
2767,0
2768,1
2769,1
2770,0
2771,1
2772,1
2773,1
2774,1
2775,1
2776,1
2777,0
2778,1
2779,1
2780,1
2781,1
2782,0
2783,1
2784,1
2785,1
2786,0
2787,1
2788,1
2789,1
2790,1
2791,0
2792,0
2793,1
2794,1
2795,1
2796,1
2797,0
2798,0
2799,1
2800,0
2801,1
2802,1
2803,1
2804,1
2805,1
2806,1
2807,1
2808,1
2809,0
2810,1
2811,1
2812,0
2813,1
2814,1
2815,1
2816,0
2817,1
2818,1
2819,1
2820,1
2821,1
2822,1
2823,1
2824,1
2825,1
2826,1
2827,1
2828,1
2829,0
2830,1
2831,1
2832,1
2833,1
2834,1
2835,1
2836,1
2837,1
2838,1
2839,1
2840,1
2841,1
2842,1
2843,1
2844,1
2845,1
2846,1
2847,1
2848,1
2849,1
2850,1
2851,1
2852,1
2853,1
2854,1
2855,1
2856,1
2857,1
2858,1
2859,1
2860,1
2861,1
2862,1
2863,1
2864,1
2865,1
2866,1
2867,1
2868,1
2869,1
2870,1
2871,1
2872,0
2873,1
2874,1
2875,1
2876,1
2877,0
2878,1
2879,1
2880,0
2881,1
2882,1
2883,1
2884,1
2885,1
2886,1
2887,1
2888,1
2889,1
2890,1
2891,1
2892,0
2893,1
2894,1
2895,1
2896,1
2897,1
2898,1
2899,1
2900,1
2901,1
2902,1
2903,1
2904,1
2905,1
2906,1
2907,1
2908,1
2909,1
2910,1
2911,1
2912,1
2913,1
2914,1
2915,1
2916,1
2917,1
2918,1
2919,1
2920,1
2921,1
2922,1
2923,1
2924,0
2925,1
2926,1
2927,1
2928,1
2929,1
2930,1
2931,1
2932,1
2933,1
2934,1
2935,1
2936,1
2937,1
2938,1
2939,1
2940,1
2941,1
2942,1
2943,1
2944,1
2945,1
2946,1
2947,1
2948,1
2949,1
2950,1
2951,1
2952,1
2953,1
2954,1
2955,1
2956,1
2957,1
2958,1
2959,1
2960,1
2961,1
2962,1
2963,1
2964,1
2965,1
2966,1
2967,1
2968,1
2969,1
2970,1
2971,1
2972,1
2973,1
2974,1
2975,1
2976,1
2977,1
2978,1
2979,1
2980,1
2981,1
2982,1
2983,1
2984,1
2985,1
2986,1
2987,1
2988,1
2989,1
2990,1
2991,1
2992,1
2993,1
2994,1
2995,1
2996,1
2997,1
2998,1
2999,1
3000,1
3001,1
3002,1
3003,1
3004,1
3005,1
3006,1
3007,1
3008,1
3009,1
3010,1
3011,1
3012,0
3013,1
3014,1
3015,1
3016,1
3017,1
3018,1
3019,1
3020,1
3021,1
3022,0
3023,1
3024,1
3025,1
3026,1
3027,1
3028,1
3029,1
3030,1
3031,1
3032,1
3033,1
3034,1
3035,1
3036,1
3037,1
3038,1
3039,1
3040,1
3041,1
3042,1
3043,1
3044,1
3045,1
3046,1
3047,1
3048,1
3049,1
3050,1
3051,1
3052,1
3053,1
3054,0
3055,1
3056,1
3057,0
3058,1
3059,0
3060,1
3061,1
3062,1
3063,1
3064,1
3065,0
3066,1
3067,0
3068,1
3069,1
3070,1
3071,1
3072,1
3073,1
3074,1
3075,1
3076,1
3077,0
3078,1
3079,1
3080,1
3081,1
3082,1
3083,1
3084,1
3085,0
3086,1
3087,1
3088,1
3089,1
3090,0
3091,1
3092,1
3093,1
3094,0
3095,0
3096,1
3097,1
3098,0
3099,1
3100,1
3101,0
3102,0
3103,1
3104,0
3105,1
3106,1
3107,1
3108,1
3109,1
3110,1
3111,1
3112,1
3113,0
3114,1
3115,0
3116,0
3117,1
3118,1
3119,1
3120,0
3121,1
3122,1
3123,0
3124,0
3125,0
3126,1
3127,0
3128,0
3129,0
3130,0
3131,0
3132,0
3133,0
3134,0
3135,0
3136,0
3137,0
3138,0
3139,0
3140,0
3141,0
3142,0
3143,0
3144,0
3145,0
3146,0
3147,0
3148,0
3149,0
3150,0
3151,0
3152,0
3153,0
3154,0
3155,0
3156,0
3157,0
3158,0
3159,0
3160,0
3161,0
3162,0
3163,0
3164,0
3165,0
3166,0
3167,0
3168,0
3169,0
3170,0
3171,0
3172,0
3173,0
3174,0
3175,0
3176,0
3177,0
3178,0
3179,0
3180,0
3181,0
3182,0
3183,0
3184,0
3185,0
3186,0
3187,0
3188,0
3189,0
3190,0
3191,0
3192,0
3193,0
3194,0
3195,0
3196,0
3197,0
3198,0
3199,0
3200,0
3201,0
3202,0
3203,0
3204,0
3205,0
3206,0
3207,0
3208,0
3209,0
3210,0
3211,0
3212,0
3213,0
3214,0
3215,0
3216,0
3217,0
3218,0
3219,0
3220,0
3221,0
3222,0
3223,0
3224,0
3225,0
3226,0
3227,0
3228,0
3229,0
3230,0
3231,0
3232,0
3233,0
3234,0
3235,0
3236,0
3237,0
3238,0
3239,0
3240,0
3241,0
3242,0
3243,0
3244,0
3245,0
3246,0
3247,0
3248,0
3249,0
3250,0
3251,0
3252,0
3253,0
3254,0
3255,0
3256,0
3257,0
3258,0
3259,0
3260,0
3261,0
3262,0
3263,0
3264,0
3265,0
3266,0
3267,0
3268,0
3269,0
3270,0
3271,0
3272,0
3273,0
3274,0
3275,0
3276,0
3277,0
3278,0
3279,0
3280,0
3281,0
3282,0
3283,0
3284,0
3285,0
3286,0
3287,0
3288,0
3289,0
3290,0
3291,0
3292,0
3293,0
3294,0
3295,0
3296,0
3297,0
3298,0
3299,0
3300,0
3301,0
3302,0
3303,0
3304,0
3305,0
3306,0
3307,0
3308,0
3309,0
3310,0
3311,0
3312,0
3313,0
3314,0
3315,0
3316,0
3317,0
3318,0
3319,0
3320,0
3321,0
3322,0
3323,0
3324,0
3325,0
3326,0
3327,0
3328,0
3329,0
3330,0
3331,0
3332,0
3333,0
3334,0
3335,0
3336,0
3337,0
3338,0
3339,0
3340,0
3341,0
3342,0
3343,0
3344,0
3345,0
3346,0
3347,0
3348,0
3349,0
3350,0
3351,0
3352,0
3353,0
3354,0
3355,0
3356,0
3357,0
3358,0
3359,0
3360,0
3361,0
3362,0
3363,0
3364,0
3365,0
3366,0
3367,0
3368,0
3369,0
3370,0
3371,0
3372,0
3373,0
3374,0
3375,0
3376,0
3377,0
3378,0
3379,0
3380,0
3381,0
3382,0
3383,0
3384,0
3385,0
3386,0
3387,0
3388,0
3389,1
3390,0
3391,0
3392,0
3393,1
3394,0
3395,0
3396,1
3397,0
3398,0
3399,0
3400,0
3401,1
3402,0
3403,0
3404,1
3405,0
3406,0
3407,0
3408,0
3409,0
3410,1
3411,0
3412,0
3413,0
3414,0
3415,1
3416,1
3417,1
3418,1
3419,0
3420,1
3421,1
3422,0
3423,1
3424,0
3425,1
3426,0
3427,1
3428,1
3429,0
3430,1
3431,0
3432,1
3433,0
3434,1
3435,1
3436,1
3437,1
3438,1
3439,1
3440,1
3441,1
3442,0
3443,1
3444,0
3445,0
3446,0
3447,1
3448,0
3449,0
3450,1
3451,1
3452,0
3453,1
3454,0
3455,0
3456,0
3457,0
3458,1
3459,0
3460,1
3461,1
3462,1
3463,1
3464,1
3465,1
3466,0
3467,1
3468,1
3469,1
3470,1
3471,1
3472,1
3473,1
3474,1
3475,1
3476,1
3477,1
3478,1
3479,1
3480,0
3481,1
3482,1
3483,1
3484,1
3485,1
3486,1
3487,0
3488,1
3489,0
3490,1
3491,0
3492,1
3493,0
3494,0
3495,1
3496,1
3497,0
3498,1
3499,1
3500,1
3501,1
3502,1
3503,1
3504,1
3505,0
3506,0
3507,0
3508,0
3509,1
3510,1
3511,0
3512,1
3513,0
3514,1
3515,1
3516,0
3517,1
3518,0
3519,1
3520,1
3521,1
3522,1
3523,1
3524,1
3525,1
3526,1
3527,1
3528,1
3529,1
3530,0
3531,0
3532,1
3533,1
3534,1
3535,0
3536,1
3537,0
3538,1
3539,1
3540,1
3541,1
3542,1
3543,1
3544,1
3545,0
3546,1
3547,1
3548,1
3549,1
3550,1
3551,1
3552,1
3553,1
3554,1
3555,0
3556,1
3557,1
3558,1
3559,1
3560,1
3561,1
3562,0
3563,1
3564,1
3565,1
3566,1
3567,1
3568,1
3569,1
3570,1
3571,1
3572,1
3573,1
3574,1
3575,1
3576,1
3577,1
3578,1
3579,1
3580,1
3581,1
3582,1
3583,1
3584,1
3585,1
3586,1
3587,1
3588,1
3589,1
3590,0
3591,1
3592,1
3593,1
3594,1
3595,1
3596,1
3597,1
3598,1
3599,1
3600,1
3601,1
3602,1
3603,1
3604,1
3605,0
3606,1
3607,1
3608,1
3609,1
3610,1
3611,1
3612,1
3613,1
3614,0
3615,1
3616,0
3617,1
3618,1
3619,1
3620,1
3621,1
3622,1
3623,1
3624,1
3625,0
3626,1
3627,1
3628,1
3629,1
3630,1
3631,1
3632,1
3633,1
3634,1
3635,1
3636,1
3637,1
3638,0
3639,1
3640,1
3641,1
3642,1
3643,1
3644,0
3645,1
3646,1
3647,1
3648,1
3649,0
3650,1
3651,1
3652,1
3653,1
3654,1
3655,1
3656,1
3657,0
3658,1
3659,1
3660,1
3661,1
3662,1
3663,1
3664,1
3665,1
3666,1
3667,1
3668,1
3669,1
3670,1
3671,1
3672,1
3673,1
3674,1
3675,1
3676,1
3677,1
3678,1
3679,1
3680,1
3681,1
3682,1
3683,1
3684,1
3685,1
3686,1
3687,1
3688,1
3689,1
3690,1
3691,1
3692,1
3693,1
3694,1
3695,1
3696,1
3697,1
3698,1
3699,1
3700,1
3701,0
3702,1
3703,1
3704,1
3705,1
3706,1
3707,1
3708,1
3709,1
3710,1
3711,1
3712,1
3713,1
3714,1
3715,1
3716,1
3717,1
3718,1
3719,0
3720,1
3721,1
3722,1
3723,1
3724,1
3725,1
3726,1
3727,1
3728,1
3729,0
3730,0
3731,1
3732,1
3733,1
3734,1
3735,0
3736,1
3737,0
3738,0
3739,0
3740,1
3741,1
3742,1
3743,0
3744,1
3745,0
3746,1
3747,1
3748,1
3749,1
3750,1
3751,0
3752,1
3753,1
3754,0
3755,1
3756,1
3757,1
3758,0
3759,1
3760,1
3761,0
3762,0
3763,1
3764,1
3765,0
3766,0
3767,0
3768,1
3769,0
3770,0
3771,1
3772,1
3773,0
3774,0
3775,0
3776,1
3777,0
3778,1
3779,0
3780,1
3781,0
3782,1
3783,0
3784,1
3785,0
3786,1
3787,1
3788,1
3789,1
3790,0
3791,0
3792,0
3793,0
3794,1
3795,1
3796,0
3797,0
3798,0
3799,0
3800,0
3801,0
3802,0
3803,1
3804,1
3805,1
3806,0
3807,0
3808,0
3809,0
3810,0
3811,0
3812,1
3813,0
3814,0
3815,0
3816,0
3817,0
3818,0
3819,0
3820,0
3821,0
3822,0
3823,0
3824,0
3825,0
3826,0
3827,0
3828,0
3829,0
3830,0
3831,0
3832,0
3833,0
3834,0
3835,0
3836,0
3837,0
3838,0
3839,0
3840,0
3841,0
3842,0
3843,0
3844,0
3845,0
3846,0
3847,0
3848,0
3849,0
3850,0
3851,0
3852,0
3853,0
3854,0
3855,0
3856,0
3857,0
3858,0
3859,0
3860,0
3861,0
3862,0
3863,0
3864,0
3865,0
3866,0
3867,0
3868,0
3869,0
3870,0
3871,0
3872,0
3873,0
3874,0
3875,0
3876,0
3877,0
3878,0
3879,0
3880,0
3881,0
3882,0
3883,0
3884,0
3885,0
3886,0
3887,0
3888,0
3889,0
3890,0
3891,0
3892,0
3893,0
3894,0
3895,0
3896,0
3897,0
3898,0
3899,0
3900,0
3901,0
3902,0
3903,0
3904,0
3905,0
3906,0
3907,0
3908,0
3909,0
3910,0
3911,0
3912,0
3913,0
3914,0
3915,0
3916,0
3917,0
3918,0
3919,0
3920,0
3921,0
3922,0
3923,0
3924,0
3925,0
3926,0
3927,0
3928,0
3929,0
3930,0
3931,0
3932,0
3933,0
3934,0
3935,0
3936,0
3937,0
3938,0
3939,0
3940,0
3941,0
3942,0
3943,0
3944,0
3945,0
3946,0
3947,0
3948,0
3949,0
3950,0
3951,0
3952,0
3953,0
3954,0
3955,0
3956,0
3957,0
3958,0
3959,0
3960,0
3961,0
3962,0
3963,0
3964,0
3965,0
3966,0
3967,0
3968,0
3969,0
3970,0
3971,0
3972,0
3973,0
3974,0
3975,0
3976,0
3977,0
3978,0
3979,0
3980,0
3981,0
3982,0
3983,0
3984,0
3985,0
3986,0
3987,0
3988,0
3989,0
3990,0
3991,0
3992,0
3993,0
3994,0
3995,0
3996,0
3997,0
3998,0
3999,0
4000,0
4001,0
4002,0
4003,0
4004,0
4005,0
4006,0
4007,0
4008,0
4009,0
4010,0
4011,0
4012,0
4013,0
4014,0
4015,0
4016,0
4017,0
4018,0
4019,0
4020,0
4021,0
4022,0
4023,0
4024,0
4025,0
4026,0
4027,0
4028,0
4029,1
4030,0
4031,0
4032,0
4033,0
4034,1
4035,0
4036,0
4037,0
4038,0
4039,0
4040,0
4041,0
4042,0
4043,1
4044,0
4045,0
4046,1
4047,0
4048,0
4049,0
4050,0
4051,0
4052,0
4053,1
4054,1
4055,0
4056,0
4057,1
4058,0
4059,0
4060,0
4061,1
4062,1
4063,0
4064,0
4065,0
4066,1
4067,1
4068,1
4069,1
4070,0
4071,1
4072,0
4073,1
4074,0
4075,0
4076,1
4077,1
4078,0
4079,0
4080,1
4081,1
4082,0
4083,0
4084,0
4085,0
4086,1
4087,1
4088,1
4089,0
4090,1
4091,1
4092,1
4093,1
4094,1
4095,1
4096,0
4097,0
4098,1
4099,1
4100,1
4101,0
4102,1
4103,1
4104,1
4105,0
4106,1
4107,1
4108,1
4109,1
4110,1
4111,1
4112,1
4113,0
4114,1
4115,1
4116,1
4117,0
4118,1
4119,1
4120,0
4121,1
4122,0
4123,1
4124,0
4125,0
4126,1
4127,1
4128,1
4129,1
4130,1
4131,1
4132,1
4133,1
4134,0
4135,1
4136,1
4137,0
4138,1
4139,1
4140,1
4141,1
4142,1
4143,1
4144,1
4145,0
4146,1
4147,1
4148,1
4149,1
4150,0
4151,1
4152,1
4153,1
4154,1
4155,1
4156,1
4157,1
4158,1
4159,1
4160,1
4161,1
4162,1
4163,0
4164,1
4165,1
4166,1
4167,1
4168,0
4169,1
4170,0
4171,1
4172,1
4173,1
4174,0
4175,1
4176,1
4177,1
4178,0
4179,1
4180,1
4181,1
4182,1
4183,1
4184,1
4185,1
4186,0
4187,1
4188,1
4189,1
4190,1
4191,0
4192,1
4193,1
4194,1
4195,1
4196,1
4197,1
4198,1
4199,1
4200,1
4201,1
4202,1
4203,1
4204,0
4205,0
4206,1
4207,1
4208,1
4209,1
4210,1
4211,1
4212,1
4213,1
4214,1
4215,1
4216,1
4217,1
4218,1
4219,1
4220,1
4221,1
4222,1
4223,1
4224,0
4225,1
4226,1
4227,1
4228,1
4229,1
4230,1
4231,1
4232,0
4233,1
4234,1
4235,1
4236,1
4237,1
4238,1
4239,1
4240,1
4241,1
4242,1
4243,1
4244,1
4245,1
4246,1
4247,1
4248,1
4249,1
4250,1
4251,1
4252,1
4253,1
4254,1
4255,1
4256,1
4257,1
4258,1
4259,1
4260,1
4261,1
4262,1
4263,1
4264,1
4265,1
4266,1
4267,1
4268,1
4269,1
4270,1
4271,1
4272,1
4273,1
4274,1
4275,1
4276,1
4277,1
4278,1
4279,1
4280,1
4281,1
4282,1
4283,1
4284,1
4285,1
4286,1
4287,1
4288,1
4289,1
4290,1
4291,1
4292,1
4293,1
4294,1
4295,1
4296,1
4297,1
4298,1
4299,1
4300,1
4301,1
4302,1
4303,1
4304,1
4305,1
4306,1
4307,1
4308,1
4309,1
4310,1
4311,1
4312,1
4313,1
4314,1
4315,1
4316,1
4317,1
4318,1
4319,1
4320,1
4321,1
4322,1
4323,1
4324,1
4325,1
4326,1
4327,1
4328,1
4329,1
4330,1
4331,1
4332,1
4333,1
4334,1
4335,1
4336,1
4337,1
4338,1
4339,1
4340,1
4341,1
4342,1
4343,1
4344,1
4345,1
4346,1
4347,1
4348,1
4349,1
4350,1
4351,1
4352,1
4353,1
4354,1
4355,1
4356,1
4357,1
4358,1
4359,1
4360,1
4361,1
4362,1
4363,1
4364,1
4365,1
4366,1
4367,1
4368,1
4369,1
4370,1
4371,1
4372,1
4373,1
4374,1
4375,1
4376,1
4377,1
4378,1
4379,1
4380,1
4381,1
4382,1
4383,1
4384,1
4385,1
4386,1
4387,1
4388,1
4389,1
4390,1
4391,1
4392,1
4393,1
4394,1
4395,1
4396,1
4397,1
4398,1
4399,1
4400,1
4401,1
4402,0
4403,1
4404,1
4405,1
4406,1
4407,1
4408,1
4409,1
4410,1
4411,1
4412,1
4413,1
4414,1
4415,1
4416,1
4417,1
4418,1
4419,1
4420,1
4421,1
4422,0
4423,1
4424,1
4425,1
4426,1
4427,1
4428,1
4429,1
4430,1
4431,1
4432,1
4433,1
4434,1
4435,1
4436,1
4437,1
4438,1
4439,1
4440,0
4441,1
4442,1
4443,1
4444,1
4445,1
4446,0
4447,1
4448,1
4449,1
4450,1
4451,1
4452,0
4453,1
4454,1
4455,1
4456,1
4457,1
4458,0
4459,1
4460,1
4461,0
4462,1
4463,1
4464,1
4465,0
4466,0
4467,0
4468,1
4469,0
4470,0
4471,0
4472,0
4473,1
4474,0
4475,1
4476,1
4477,1
4478,0
4479,0
4480,0
4481,1
4482,0
4483,0
4484,0
4485,0
4486,0
4487,0
4488,0
4489,0
4490,0
4491,0
4492,0
4493,0
4494,0
4495,0
4496,0
4497,0
4498,0
4499,0
4500,0
4501,0
4502,0
4503,0
4504,0
4505,0
4506,0
4507,0
4508,0
4509,0
4510,0
4511,0
4512,0
4513,0
4514,0
4515,0
4516,0
4517,0
4518,0
4519,0
4520,0
4521,0
4522,0
4523,0
4524,0
4525,0
4526,0
4527,0
4528,0
4529,0
4530,0
4531,0
4532,0
4533,0
4534,0
4535,0
4536,0
4537,0
4538,0
4539,0
4540,0
4541,0
4542,0
4543,0
4544,0
4545,0
4546,0
4547,0
4548,0
4549,0
4550,0
4551,0
4552,0
4553,0
4554,0
4555,0
4556,0
4557,0
4558,0
4559,0
4560,0
4561,0
4562,0
4563,0
4564,0
4565,0
4566,0
4567,0
4568,0
4569,0
4570,0
4571,0
4572,0
4573,0
4574,0
4575,0
4576,0
4577,0
4578,0
4579,0
4580,0
4581,0
4582,0
4583,0
4584,0
4585,0
4586,0
4587,0
4588,0
4589,0
4590,0
4591,0
4592,0
4593,0
4594,0
4595,0
4596,0
4597,0
4598,0
4599,0
4600,0
4601,0
4602,0
4603,0
4604,0
4605,0
4606,0
4607,0
4608,0
4609,0
4610,0
4611,0
4612,0
4613,0
4614,0
4615,0
4616,0
4617,0
4618,0
4619,0
4620,0
4621,0
4622,0
4623,0
4624,0
4625,0
4626,0
4627,0
4628,0
4629,0
4630,0
4631,0
4632,0
4633,0
4634,0
4635,0
4636,0
4637,0
4638,0
4639,0
4640,0
4641,0
4642,0
4643,0
4644,0
4645,0
4646,0
4647,0
4648,0
4649,0
4650,0
4651,0
4652,0
4653,0
4654,0
4655,0
4656,0
4657,0
4658,0
4659,0
4660,0
4661,0
4662,0
4663,0
4664,0
4665,0
4666,0
4667,0
4668,0
4669,0
4670,0
4671,0
4672,0
4673,0
4674,0
4675,0
4676,0
4677,0
4678,0
4679,0
4680,0
4681,0
4682,0
4683,0
4684,0
4685,0
4686,0
4687,0
4688,0
4689,0
4690,0
4691,0
4692,0
4693,0
4694,0
4695,0
4696,0
4697,0
4698,0
4699,0
4700,0
4701,0
4702,0
4703,0
4704,0
4705,0
4706,0
4707,0
4708,0
4709,0
4710,0
4711,0
4712,0
4713,0
4714,0
4715,0
4716,0
4717,0
4718,0
4719,0
4720,0
4721,0
4722,0
4723,0
4724,0
4725,0
4726,0
4727,0
4728,0
4729,0
4730,0
4731,0
4732,0
4733,0
4734,0
4735,0
4736,0
4737,0
4738,0
4739,0
4740,0
4741,0
4742,0
4743,0
4744,0
4745,0
4746,0
4747,0
4748,0
4749,0
4750,0
4751,0
4752,0
4753,0
4754,0
4755,0
4756,0
4757,0
4758,0
4759,0
4760,0
4761,0
4762,0
4763,1
4764,0
4765,0
4766,0
4767,0
4768,0
4769,0
4770,0
4771,0
4772,0
4773,0
4774,1
4775,0
4776,0
4777,0
4778,0
4779,0
4780,0
4781,1
4782,0
4783,1
4784,0
4785,0
4786,0
4787,1
4788,0
4789,0
4790,0
4791,0
4792,0
4793,1
4794,0
4795,0
4796,1
4797,0
4798,0
4799,1
4800,0
4801,1
4802,0
4803,1
4804,1
4805,0
4806,1
4807,0
4808,1
4809,1
4810,0
4811,0
4812,0
4813,0
4814,1
4815,1
4816,1
4817,1
4818,1
4819,0
4820,0
4821,1
4822,1
4823,0
4824,1
4825,1
4826,1
4827,1
4828,1
4829,0
4830,1
4831,1
4832,1
4833,0
4834,0
4835,0
4836,1
4837,1
4838,1
4839,0
4840,0
4841,1
4842,1
4843,1
4844,1
4845,1
4846,1
4847,1
4848,1
4849,1
4850,1
4851,0
4852,1
4853,1
4854,1
4855,0
4856,1
4857,0
4858,1
4859,1
4860,0
4861,1
4862,1
4863,1
4864,1
4865,1
4866,0
4867,1
4868,1
4869,1
4870,1
4871,1
4872,1
4873,1
4874,1
4875,1
4876,1
4877,0
4878,1
4879,0
4880,1
4881,1
4882,1
4883,1
4884,1
4885,1
4886,1
4887,1
4888,1
4889,1
4890,1
4891,1
4892,1
4893,1
4894,1
4895,1
4896,1
4897,1
4898,1
4899,1
4900,0
4901,1
4902,0
4903,1
4904,1
4905,0
4906,1
4907,1
4908,1
4909,1
4910,1
4911,0
4912,1
4913,0
4914,1
4915,1
4916,1
4917,1
4918,1
4919,1
4920,1
4921,1
4922,1
4923,1
4924,0
4925,1
4926,1
4927,1
4928,1
4929,1
4930,1
4931,1
4932,1
4933,1
4934,1
4935,1
4936,1
4937,1
4938,1
4939,1
4940,1
4941,1
4942,1
4943,1
4944,1
4945,1
4946,1
4947,1
4948,1
4949,1
4950,1
4951,1
4952,0
4953,1
4954,1
4955,1
4956,1
4957,1
4958,1
4959,1
4960,1
4961,1
4962,1
4963,1
4964,1
4965,1
4966,1
4967,1
4968,1
4969,1
4970,1
4971,1
4972,1
4973,1
4974,1
4975,1
4976,1
4977,1
4978,1
4979,1
4980,1
4981,1
4982,1
4983,1
4984,1
4985,1
4986,1
4987,1
4988,1
4989,1
4990,1
4991,1
4992,1
4993,1
4994,1
4995,1
4996,1
4997,1
4998,1
4999,1
5000,0
5001,1
5002,1
5003,1
5004,1
5005,1
5006,1
5007,1
5008,1
5009,1
5010,1
5011,1
5012,1
5013,1
5014,1
5015,1
5016,1
5017,1
5018,1
5019,1
5020,1
5021,1
5022,1
5023,1
5024,1
5025,1
5026,1
5027,1
5028,1
5029,1
5030,1
5031,1
5032,1
5033,1
5034,1
5035,1
5036,1
5037,1
5038,1
5039,1
5040,1
5041,1
5042,1
5043,1
5044,1
5045,1
5046,1
5047,1
5048,1
5049,1
5050,1
5051,1
5052,1
5053,1
5054,1
5055,1
5056,1
5057,1
5058,1
5059,1
5060,1
5061,1
5062,1
5063,1
5064,1
5065,1
5066,1
5067,1
5068,1
5069,1
5070,1
5071,1
5072,1
5073,1
5074,1
5075,1
5076,1
5077,1
5078,1
5079,1
5080,1
5081,1
5082,1
5083,1
5084,1
5085,1
5086,1
5087,1
5088,1
5089,1
5090,1
5091,1
5092,1
5093,1
5094,1
5095,1
5096,1
5097,1
5098,1
5099,1
5100,1
5101,1
5102,0
5103,1
5104,1
5105,1
5106,1
5107,1
5108,0
5109,1
5110,1
5111,1
5112,1
5113,1
5114,1
5115,1
5116,1
5117,1
5118,1
5119,1
5120,1
5121,1
5122,1
5123,1
5124,1
5125,1
5126,1
5127,1
5128,1
5129,1
5130,1
5131,1
5132,1
5133,1
5134,1
5135,1
5136,1
5137,1
5138,1
5139,1
5140,1
5141,1
5142,1
5143,1
5144,1
5145,1
5146,1
5147,1
5148,0
5149,1
5150,0
5151,0
5152,1
5153,1
5154,0
5155,1
5156,0
5157,0
5158,1
5159,1
5160,1
5161,1
5162,1
5163,1
5164,1
5165,0
5166,1
5167,1
5168,0
5169,0
5170,0
5171,1
5172,1
5173,1
5174,1
5175,1
5176,1
5177,1
5178,1
5179,1
5180,1
5181,1
5182,0
5183,1
5184,0
5185,0
5186,1
5187,1
5188,1
5189,0
5190,1
5191,1
5192,1
5193,0
5194,1
5195,1
5196,1
5197,1
5198,1
5199,1
5200,1
5201,0
5202,0
5203,1
5204,1
5205,0
5206,0
5207,1
5208,0
5209,0
5210,0
5211,0
5212,1
5213,0
5214,1
5215,0
5216,0
5217,0
5218,0
5219,0
5220,1
5221,0
5222,0
5223,1
5224,0
5225,1
5226,0
5227,0
5228,0
5229,1
5230,0
5231,0
5232,0
5233,0
5234,0
5235,0
5236,0
5237,0
5238,0
5239,0
5240,0
5241,0
5242,0
5243,0
5244,0
5245,0
5246,0
5247,0
5248,0
5249,0
5250,0
5251,0
5252,0
5253,0
5254,0
5255,0
5256,0
5257,0
5258,0
5259,0
5260,0
5261,0
5262,0
5263,0
5264,0
5265,0
5266,0
5267,0
5268,0
5269,0
5270,0
5271,0
5272,0
5273,0
5274,0
5275,0
5276,0
5277,0
5278,0
5279,0
5280,0
5281,0
5282,0
5283,0
5284,0
5285,0
5286,0
5287,0
5288,0
5289,0
5290,0
5291,0
5292,0
5293,0
5294,0
5295,0
5296,0
5297,0
5298,0
5299,0
5300,0
5301,0
5302,0
5303,0
5304,0
5305,0
5306,0
5307,0
5308,0
5309,0
5310,0
5311,0
5312,0
5313,0
5314,0
5315,0
5316,0
5317,0
5318,0
5319,0
5320,0
5321,0
5322,0
5323,0
5324,0
5325,0
5326,0
5327,0
5328,0
5329,0
5330,0
5331,0
5332,0
5333,0
5334,0
5335,0
5336,0
5337,0
5338,0
5339,0
5340,0
5341,0
5342,0
5343,0
5344,0
5345,0
5346,0
5347,0
5348,0
5349,0
5350,0
5351,0
5352,0
5353,0
5354,0
5355,0
5356,0
5357,0
5358,0
5359,0
5360,0
5361,0
5362,0
5363,0
5364,0
5365,0
5366,0
5367,0
5368,0
5369,0
5370,0
5371,0
5372,0
5373,0
5374,0
5375,0
5376,0
5377,0
5378,0
5379,0
5380,0
5381,0
5382,0
5383,0
5384,0
5385,0
5386,0
5387,0
5388,0
5389,0
5390,0
5391,0
5392,0
5393,0
5394,0
5395,0
5396,0
5397,0
5398,0
5399,0
5400,0
5401,0
5402,0
5403,0
5404,0
5405,0
5406,0
5407,0
5408,0
5409,0
5410,0
5411,0
5412,0
5413,0
5414,0
5415,0
5416,0
5417,0
5418,0
5419,0
5420,0
5421,0
5422,0
5423,0
5424,0
5425,0
5426,0
5427,0
5428,0
5429,0
5430,0
5431,0
5432,0
5433,0
5434,0
5435,0
5436,0
5437,0
5438,0
5439,0
5440,0
5441,0
5442,0
5443,0
5444,0
5445,0
5446,0
5447,0
5448,0
5449,0
5450,0
5451,0
5452,0
5453,0
5454,0
5455,0
5456,0
5457,0
5458,0
5459,0
5460,0
5461,0
5462,0
5463,0
5464,0
5465,0
5466,0
5467,0
5468,0
5469,0
5470,0
5471,0
5472,0
5473,0
5474,0
5475,0
5476,0
5477,0
5478,0
5479,0
5480,0
5481,0
5482,0
5483,0
5484,0
5485,0
5486,0
5487,0
5488,0
5489,0
5490,0
5491,0
5492,0
5493,0
5494,0
5495,0
5496,0
5497,0
5498,0
5499,0
5500,0
5501,1
5502,0
5503,0
5504,0
5505,0
5506,1
5507,1
5508,0
5509,0
5510,1
5511,0
5512,1
5513,0
5514,1
5515,0
5516,0
5517,0
5518,0
5519,0
5520,0
5521,0
5522,0
5523,0
5524,0
5525,0
5526,1
5527,1
5528,1
5529,0
5530,0
5531,1
5532,1
5533,0
5534,1
5535,0
5536,0
5537,1
5538,0
5539,1
5540,0
5541,1
5542,1
5543,0
5544,0
5545,1
5546,1
5547,0
5548,1
5549,0
5550,1
5551,0
5552,1
5553,0
5554,1
5555,0
5556,1
5557,1
5558,0
5559,0
5560,1
5561,0
5562,1
5563,1
5564,1
5565,1
5566,1
5567,0
5568,1
5569,1
5570,1
5571,1
5572,0
5573,1
5574,1
5575,1
5576,1
5577,1
5578,1
5579,0
5580,1
5581,0
5582,1
5583,1
5584,1
5585,1
5586,1
5587,1
5588,1
5589,0
5590,1
5591,1
5592,1
5593,0
5594,1
5595,1
5596,0
5597,1
5598,1
5599,1
5600,1
5601,1
5602,1
5603,1
5604,1
5605,0
5606,0
5607,1
5608,1
5609,1
5610,1
5611,1
5612,1
5613,1
5614,1
5615,1
5616,1
5617,1
5618,1
5619,1
5620,0
5621,1
5622,1
5623,0
5624,1
5625,1
5626,1
5627,1
5628,1
5629,1
5630,1
5631,1
5632,1
5633,1
5634,1
5635,1
5636,1
5637,1
5638,1
5639,0
5640,1
5641,0
5642,1
5643,0
5644,1
5645,1
5646,1
5647,1
5648,1
5649,1
5650,1
5651,1
5652,1
5653,1
5654,1
5655,1
5656,1
5657,1
5658,1
5659,1
5660,1
5661,1
5662,1
5663,1
5664,1
5665,1
5666,1
5667,1
5668,1
5669,1
5670,1
5671,1
5672,1
5673,1
5674,1
5675,1
5676,1
5677,1
5678,1
5679,1
5680,1
5681,1
5682,1
5683,1
5684,1
5685,1
5686,1
5687,1
5688,1
5689,1
5690,1
5691,1
5692,1
5693,1
5694,0
5695,0
5696,1
5697,1
5698,1
5699,1
5700,1
5701,1
5702,1
5703,1
5704,1
5705,1
5706,1
5707,1
5708,1
5709,1
5710,1
5711,1
5712,1
5713,1
5714,0
5715,1
5716,1
5717,1
5718,1
5719,1
5720,1
5721,1
5722,1
5723,1
5724,1
5725,1
5726,1
5727,1
5728,1
5729,1
5730,1
5731,1
5732,1
5733,1
5734,1
5735,1
5736,1
5737,1
5738,1
5739,1
5740,1
5741,1
5742,1
5743,1
5744,1
5745,1
5746,1
5747,1
5748,1
5749,1
5750,1
5751,1
5752,1
5753,1
5754,1
5755,1
5756,1
5757,1
5758,1
5759,1
5760,1
5761,1
5762,1
5763,0
5764,1
5765,1
5766,1
5767,1
5768,0
5769,1
5770,1
5771,1
5772,1
5773,1
5774,1
5775,1
5776,1
5777,1
5778,1
5779,1
5780,1
5781,1
5782,1
5783,1
5784,1
5785,1
5786,1
5787,1
5788,0
5789,1
5790,1
5791,1
5792,1
5793,1
5794,1
5795,1
5796,1
5797,1
5798,0
5799,1
5800,1
5801,1
5802,1
5803,1
5804,1
5805,1
5806,1
5807,1
5808,1
5809,1
5810,1
5811,1
5812,1
5813,1
5814,1
5815,1
5816,1
5817,1
5818,1
5819,1
5820,1
5821,1
5822,1
5823,1
5824,1
5825,1
5826,1
5827,1
5828,1
5829,0
5830,1
5831,1
5832,1
5833,1
5834,1
5835,1
5836,1
5837,1
5838,1
5839,1
5840,1
5841,1
5842,1
5843,1
5844,1
5845,1
5846,1
5847,1
5848,1
5849,0
5850,1
5851,0
5852,1
5853,1
5854,1
5855,1
5856,0
5857,1
5858,1
5859,0
5860,1
5861,1
5862,1
5863,0
5864,1
5865,1
5866,1
5867,1
5868,1
5869,0
5870,1
5871,0
5872,0
5873,1
5874,1
5875,0
5876,1
5877,0
5878,1
5879,1
5880,0
5881,1
5882,0
5883,0
5884,0
5885,1
5886,0
5887,1
5888,1
5889,1
5890,0
5891,0
5892,1
5893,1
5894,0
5895,1
5896,1
5897,0
5898,1
5899,1
5900,1
5901,0
5902,1
5903,0
5904,0
5905,0
5906,1
5907,1
5908,1
5909,1
5910,0
5911,0
5912,0
5913,0
5914,0
5915,0
5916,1
5917,1
5918,0
5919,0
5920,0
5921,0
5922,0
5923,0
5924,0
5925,0
5926,0
5927,0
5928,0
5929,0
5930,0
5931,0
5932,0
5933,0
5934,0
5935,0
5936,0
5937,0
5938,0
5939,0
5940,0
5941,0
5942,0
5943,0
5944,0
5945,0
5946,0
5947,0
5948,0
5949,0
5950,0
5951,0
5952,0
5953,0
5954,0
5955,0
5956,0
5957,0
5958,0
5959,0
5960,0
5961,0
5962,0
5963,0
5964,0
5965,0
5966,0
5967,0
5968,0
5969,0
5970,0
5971,0
5972,0
5973,0
5974,0
5975,0
5976,0
5977,0
5978,0
5979,0
5980,0
5981,0
5982,0
5983,0
5984,0
5985,0
5986,0
5987,0
5988,0
5989,0
5990,0
5991,0
5992,0
5993,0
5994,0
5995,0
5996,0
5997,0
5998,0
5999,0
6000,0
6001,0
6002,0
6003,0
6004,0
6005,0
6006,0
6007,0
6008,0
6009,0
6010,0
6011,0
6012,0
6013,0
6014,0
6015,0
6016,0
6017,0
6018,0
6019,0
6020,0
6021,0
6022,0
6023,0
6024,0
6025,0
6026,0
6027,0
6028,0
6029,0
6030,0
6031,0
6032,0
6033,0
6034,0
6035,0
6036,0
6037,0
6038,0
6039,0
6040,0
6041,0
6042,0
6043,0
6044,0
6045,0
6046,0
6047,0
6048,0
6049,0
6050,0
6051,0
6052,0
6053,0
6054,0
6055,0
6056,0
6057,0
6058,0
6059,0
6060,0
6061,0
6062,0
6063,0
6064,0
6065,0
6066,0
6067,0
6068,0
6069,0
6070,0
6071,0
6072,0
6073,0
6074,0
6075,0
6076,0
6077,0
6078,0
6079,0
6080,0
6081,0
6082,0
6083,0
6084,0
6085,0
6086,0
6087,0
6088,0
6089,0
6090,0
6091,0
6092,0
6093,0
6094,0
6095,0
6096,0
6097,0
6098,0
6099,0
6100,0
6101,0
6102,0
6103,0
6104,0
6105,0
6106,0
6107,0
6108,0
6109,0
6110,0
6111,0
6112,0
6113,0
6114,0
6115,0
6116,0
6117,0
6118,0
6119,0
6120,0
6121,0
6122,0
6123,0
6124,0
6125,0
6126,0
6127,0
6128,0
6129,0
6130,0
6131,0
6132,0
6133,0
6134,0
6135,0
6136,0
6137,0
6138,0
6139,0
6140,0
6141,0
6142,0
6143,0
6144,0
6145,0
6146,0
6147,0
6148,0
6149,0
6150,0
6151,0
6152,0
6153,0
6154,0
6155,0
6156,0
6157,0
6158,0
6159,0
6160,0
6161,0
6162,0
6163,0
6164,0
6165,0
6166,1
6167,0
6168,1
6169,0
6170,0
6171,0
6172,0
6173,1
6174,0
6175,0
6176,0
6177,1
6178,0
6179,0
6180,0
6181,1
6182,0
6183,1
6184,1
6185,0
6186,0
6187,0
6188,0
6189,0
6190,1
6191,0
6192,0
6193,0
6194,1
6195,1
6196,1
6197,1
6198,0
6199,0
6200,1
6201,0
6202,0
6203,1
6204,1
6205,1
6206,1
6207,0
6208,0
6209,0
6210,1
6211,1
6212,1
6213,1
6214,1
6215,1
6216,0
6217,1
6218,0
6219,1
6220,0
6221,0
6222,1
6223,1
6224,1
6225,1
6226,0
6227,1
6228,0
6229,0
6230,0
6231,1
6232,1
6233,0
6234,1
6235,1
6236,1
6237,1
6238,1
6239,1
6240,1
6241,1
6242,1
6243,1
6244,1
6245,1
6246,1
6247,1
6248,1
6249,1
6250,1
6251,1
6252,0
6253,0
6254,1
6255,0
6256,1
6257,1
6258,1
6259,1
6260,1
6261,1
6262,1
6263,1
6264,1
6265,1
6266,1
6267,1
6268,1
6269,1
6270,1
6271,1
6272,1
6273,1
6274,1
6275,1
6276,1
6277,1
6278,1
6279,1
6280,1
6281,1
6282,1
6283,1
6284,1
6285,1
6286,0
6287,1
6288,1
6289,1
6290,1
6291,1
6292,1
6293,1
6294,0
6295,1
6296,1
6297,1
6298,1
6299,1
6300,1
6301,1
6302,1
6303,1
6304,0
6305,1
6306,1
6307,1
6308,1
6309,1
6310,1
6311,1
6312,1
6313,1
6314,1
6315,1
6316,0
6317,1
6318,1
6319,1
6320,1
6321,1
6322,1
6323,1
6324,1
6325,1
6326,1
6327,1
6328,1
6329,1
6330,1
6331,0
6332,1
6333,1
6334,1
6335,1
6336,1
6337,1
6338,1
6339,1
6340,1
6341,1
6342,1
6343,1
6344,1
6345,1
6346,1
6347,1
6348,1
6349,1
6350,0
6351,1
6352,1
6353,1
6354,1
6355,1
6356,1
6357,1
6358,1
6359,1
6360,1
6361,0
6362,1
6363,1
6364,1
6365,1
6366,1
6367,1
6368,1
6369,1
6370,1
6371,1
6372,1
6373,1
6374,1
6375,1
6376,1
6377,1
6378,1
6379,1
6380,1
6381,1
6382,1
6383,1
6384,1
6385,1
6386,1
6387,1
6388,1
6389,0
6390,1
6391,1
6392,1
6393,1
6394,1
6395,1
6396,1
6397,1
6398,1
6399,1
6400,1
6401,1
6402,1
6403,1
6404,1
6405,1
6406,1
6407,1
6408,1
6409,1
6410,1
6411,1
6412,1
6413,1
6414,1
6415,1
6416,1
6417,1
6418,1
6419,1
6420,1
6421,1
6422,1
6423,1
6424,1
6425,1
6426,1
6427,1
6428,1
6429,1
6430,1
6431,1
6432,1
6433,1
6434,1
6435,1
6436,1
6437,1
6438,1
6439,1
6440,1
6441,1
6442,1
6443,1
6444,1
6445,1
6446,1
6447,1
6448,1
6449,1
6450,1
6451,1
6452,1
6453,1
6454,1
6455,1
6456,1
6457,1
6458,1
6459,1
6460,1
6461,1
6462,1
6463,1
6464,1
6465,1
6466,1
6467,1
6468,1
6469,1
6470,1
6471,1
6472,1
6473,1
6474,0
6475,1
6476,1
6477,1
6478,1
6479,1
6480,0
6481,1
6482,0
6483,1
6484,1
6485,1
6486,1
6487,1
6488,1
6489,1
6490,1
6491,1
6492,1
6493,1
6494,1
6495,1
6496,1
6497,1
6498,1
6499,1
6500,1
6501,1
6502,0
6503,1
6504,1
6505,0
6506,1
6507,1
6508,0
6509,1
6510,1
6511,1
6512,1
6513,1
6514,1
6515,1
6516,1
6517,1
6518,1
6519,1
6520,1
6521,1
6522,1
6523,1
6524,1
6525,0
6526,0
6527,1
6528,1
6529,1
6530,1
6531,1
6532,0
6533,1
6534,1
6535,1
6536,1
6537,0
6538,0
6539,0
6540,1
6541,1
6542,0
6543,1
6544,1
6545,1
6546,1
6547,0
6548,1
6549,1
6550,1
6551,1
6552,1
6553,0
6554,1
6555,1
6556,1
6557,1
6558,1
6559,0
6560,1
6561,1
6562,1
6563,1
6564,1
6565,0
6566,0
6567,1
6568,1
6569,1
6570,1
6571,1
6572,0
6573,1
6574,1
6575,0
6576,1
6577,1
6578,0
6579,0
6580,1
6581,0
6582,0
6583,1
6584,1
6585,1
6586,1
6587,0
6588,1
6589,1
6590,1
6591,0
6592,0
6593,0
6594,0
6595,0
6596,0
6597,0
6598,1
6599,0
6600,0
6601,0
6602,0
6603,0
6604,1
6605,0
6606,0
6607,0
6608,0
6609,0
6610,0
6611,0
6612,0
6613,0
6614,0
6615,0
6616,0
6617,0
6618,0
6619,0
6620,0
6621,0
6622,0
6623,0
6624,0
6625,0
6626,0
6627,0
6628,0
6629,0
6630,0
6631,0
6632,0
6633,0
6634,0
6635,0
6636,0
6637,0
6638,0
6639,0
6640,0
6641,0
6642,0
6643,0
6644,0
6645,0
6646,0
6647,0
6648,0
6649,0
6650,0
6651,0
6652,0
6653,0
6654,0
6655,0
6656,0
6657,0
6658,0
6659,0
6660,0
6661,0
6662,0
6663,0
6664,0
6665,0
6666,0
6667,0
6668,0
6669,0
6670,0
6671,0
6672,0
6673,0
6674,0
6675,0
6676,0
6677,0
6678,0
6679,0
6680,0
6681,0
6682,0
6683,0
6684,0
6685,0
6686,0
6687,0
6688,0
6689,0
6690,0
6691,0
6692,0
6693,0
6694,0
6695,0
6696,0
6697,0
6698,0
6699,0
6700,0
6701,0
6702,0
6703,0
6704,0
6705,0
6706,0
6707,0
6708,0
6709,0
6710,0
6711,0
6712,0
6713,0
6714,0
6715,0
6716,0
6717,0
6718,0
6719,0
6720,0
6721,0
6722,0
6723,0
6724,0
6725,0
6726,0
6727,0
6728,0
6729,0
6730,0
6731,0
6732,0
6733,0
6734,0
6735,0
6736,0
6737,0
6738,0
6739,0
6740,0
6741,0
6742,0
6743,0
6744,0
6745,0
6746,0
6747,0
6748,0
6749,0
6750,0
6751,0
6752,0
6753,0
6754,0
6755,0
6756,0
6757,0
6758,0
6759,0
6760,0
6761,0
6762,0
6763,0
6764,0
6765,0
6766,0
6767,0
6768,0
6769,0
6770,0
6771,0
6772,0
6773,0
6774,0
6775,0
6776,0
6777,0
6778,0
6779,0
6780,0
6781,0
6782,0
6783,0
6784,0
6785,0
6786,0
6787,0
6788,0
6789,0
6790,0
6791,0
6792,0
6793,0
6794,0
6795,0
6796,0
6797,0
6798,0
6799,0
6800,0
6801,0
6802,0
6803,0
6804,0
6805,0
6806,0
6807,0
6808,0
6809,0
6810,0
6811,0
6812,0
6813,0
6814,0
6815,0
6816,0
6817,0
6818,0
6819,0
6820,0
6821,0
6822,0
6823,0
6824,0
6825,0
6826,0
6827,0
6828,0
6829,0
6830,0
6831,0
6832,0
6833,0
6834,0
6835,0
6836,0
6837,0
6838,0
6839,0
6840,0
6841,0
6842,0
6843,0
6844,0
6845,0
6846,0
6847,0
6848,0
6849,0
6850,0
6851,0
6852,0
6853,0
6854,0
6855,0
6856,0
6857,0
6858,0
6859,0
6860,0
6861,0
6862,0
6863,0
6864,1
6865,0
6866,1
6867,0
6868,0
6869,0
6870,0
6871,0
6872,0
6873,0
6874,0
6875,0
6876,1
6877,0
6878,0
6879,0
6880,0
6881,0
6882,0
6883,0
6884,0
6885,0
6886,0
6887,0
6888,0
6889,1
6890,1
6891,0
6892,0
6893,1
6894,0
6895,0
6896,0
6897,1
6898,1
6899,1
6900,1
6901,1
6902,0
6903,0
6904,1
6905,1
6906,1
6907,0
6908,0
6909,1
6910,0
6911,0
6912,0
6913,1
6914,0
6915,1
6916,0
6917,1
6918,0
6919,0
6920,1
6921,1
6922,0
6923,1
6924,1
6925,1
6926,0
6927,1
6928,1
6929,1
6930,0
6931,0
6932,0
6933,0
6934,1
6935,0
6936,0
6937,1
6938,0
6939,0
6940,1
6941,1
6942,1
6943,1
6944,1
6945,1
6946,1
6947,1
6948,0
6949,0
6950,0
6951,0
6952,1
6953,1
6954,0
6955,1
6956,1
6957,1
6958,1
6959,1
6960,1
6961,0
6962,1
6963,1
6964,1
6965,1
6966,1
6967,0
6968,1
6969,1
6970,0
6971,1
6972,0
6973,1
6974,1
6975,1
6976,1
6977,1
6978,0
6979,1
6980,1
6981,0
6982,1
6983,1
6984,1
6985,1
6986,0
6987,0
6988,1
6989,1
6990,0
6991,1
6992,1
6993,1
6994,0
6995,1
6996,1
6997,1
6998,1
6999,1
7000,1
7001,1
7002,1
7003,1
7004,1
7005,1
7006,1
7007,1
7008,1
7009,1
7010,1
7011,1
7012,1
7013,1
7014,1
7015,1
7016,0
7017,1
7018,1
7019,1
7020,1
7021,1
7022,1
7023,0
7024,1
7025,1
7026,1
7027,1
7028,1
7029,1
7030,1
7031,1
7032,1
7033,1
7034,1
7035,1
7036,1
7037,1
7038,1
7039,1
7040,1
7041,1
7042,1
7043,1
7044,1
7045,1
7046,1
7047,1
7048,1
7049,1
7050,1
7051,1
7052,1
7053,0
7054,1
7055,1
7056,1
7057,1
7058,1
7059,1
7060,1
7061,0
7062,1
7063,1
7064,1
7065,1
7066,1
7067,1
7068,1
7069,1
7070,1
7071,1
7072,1
7073,1
7074,1
7075,1
7076,1
7077,1
7078,1
7079,1
7080,1
7081,1
7082,1
7083,1
7084,1
7085,1
7086,1
7087,1
7088,1
7089,1
7090,1
7091,1
7092,1
7093,0
7094,1
7095,1
7096,1
7097,1
7098,1
7099,1
7100,1
7101,1
7102,1
7103,1
7104,1
7105,1
7106,1
7107,1
7108,1
7109,1
7110,1
7111,1
7112,1
7113,1
7114,1
7115,1
7116,1
7117,1
7118,1
7119,1
7120,1
7121,1
7122,1
7123,1
7124,1
7125,1
7126,1
7127,1
7128,1
7129,1
7130,1
7131,1
7132,1
7133,1
7134,0
7135,1
7136,1
7137,1
7138,1
7139,1
7140,1
7141,1
7142,1
7143,1
7144,1
7145,1
7146,1
7147,1
7148,1
7149,1
7150,0
7151,1
7152,0
7153,1
7154,1
7155,1
7156,1
7157,0
7158,1
7159,1
7160,1
7161,1
7162,1
7163,1
7164,1
7165,1
7166,1
7167,1
7168,1
7169,1
7170,1
7171,1
7172,1
7173,1
7174,1
7175,1
7176,1
7177,1
7178,1
7179,1
7180,1
7181,1
7182,0
7183,1
7184,1
7185,1
7186,1
7187,1
7188,1
7189,1
7190,1
7191,1
7192,1
7193,1
7194,1
7195,1
7196,1
7197,1
7198,1
7199,1
7200,1
7201,1
7202,1
7203,1
7204,1
7205,1
7206,1
7207,1
7208,1
7209,1
7210,1
7211,1
7212,1
7213,1
7214,1
7215,1
7216,1
7217,1
7218,1
7219,1
7220,1
7221,1
7222,1
7223,0
7224,1
7225,1
7226,1
7227,1
7228,1
7229,1
7230,0
7231,1
7232,1
7233,1
7234,1
7235,1
7236,1
7237,1
7238,1
7239,1
7240,1
7241,1
7242,1
7243,0
7244,1
7245,0
7246,1
7247,1
7248,1
7249,1
7250,1
7251,1
7252,1
7253,1
7254,1
7255,1
7256,1
7257,1
7258,1
7259,1
7260,1
7261,0
7262,1
7263,1
7264,1
7265,1
7266,1
7267,0
7268,1
7269,1
7270,1
7271,1
7272,0
7273,0
7274,1
7275,1
7276,1
7277,1
7278,1
7279,0
7280,1
7281,1
7282,0
7283,0
7284,1
7285,1
7286,1
7287,1
7288,0
7289,1
7290,1
7291,1
7292,1
7293,0
7294,1
7295,0
7296,1
7297,1
7298,1
7299,0
7300,0
7301,1
7302,1
7303,1
7304,1
7305,0
7306,1
7307,1
7308,1
7309,1
7310,1
7311,1
7312,1
7313,1
7314,1
7315,0
7316,0
7317,0
7318,0
7319,0
7320,0
7321,0
7322,0
7323,0
7324,0
7325,0
7326,0
7327,1
7328,1
7329,0
7330,0
7331,0
7332,0
7333,0
7334,0
7335,0
7336,0
7337,0
7338,0
7339,0
7340,0
7341,0
7342,0
7343,0
7344,0
7345,0
7346,0
7347,0
7348,0
7349,0
7350,0
7351,0
7352,0
7353,0
7354,0
7355,0
7356,0
7357,0
7358,0
7359,0
7360,0
7361,0
7362,0
7363,0
7364,0
7365,0
7366,0
7367,0
7368,0
7369,0
7370,0
7371,0
7372,0
7373,0
7374,0
7375,0
7376,0
7377,0
7378,0
7379,0
7380,0
7381,0
7382,0
7383,0
7384,0
7385,0
7386,0
7387,0
7388,0
7389,0
7390,0
7391,0
7392,0
7393,0
7394,0
7395,0
7396,0
7397,0
7398,0
7399,0
7400,0
7401,0
7402,0
7403,0
7404,0
7405,0
7406,0
7407,0
7408,0
7409,0
7410,0
7411,0
7412,0
7413,0
7414,0
7415,0
7416,0
7417,0
7418,0
7419,0
7420,0
7421,0
7422,0
7423,0
7424,0
7425,0
7426,0
7427,0
7428,0
7429,0
7430,0
7431,0
7432,0
7433,0
7434,0
7435,0
7436,0
7437,0
7438,0
7439,0
7440,0
7441,0
7442,0
7443,0
7444,0
7445,0
7446,0
7447,0
7448,0
7449,0
7450,0
7451,0
7452,0
7453,0
7454,0
7455,0
7456,0
7457,0
7458,0
7459,0
7460,0
7461,0
7462,0
7463,0
7464,0
7465,0
7466,0
7467,0
7468,0
7469,0
7470,0
7471,0
7472,0
7473,0
7474,0
7475,0
7476,0
7477,0
7478,0
7479,0
7480,0
7481,0
7482,0
7483,0
7484,0
7485,0
7486,0
7487,0
7488,0
7489,0
7490,0
7491,0
7492,0
7493,0
7494,0
7495,0
7496,0
7497,0
7498,0
7499,0
7500,0
7501,0
7502,0
7503,0
7504,0
7505,0
7506,0
7507,0
7508,0
7509,0
7510,0
7511,0
7512,0
7513,0
7514,0
7515,0
7516,0
7517,0
7518,0
7519,0
7520,0
7521,0
7522,0
7523,0
7524,0
7525,0
7526,0
7527,0
7528,0
7529,0
7530,0
7531,0
7532,0
7533,0
7534,0
7535,0
7536,0
7537,0
7538,0
7539,0
7540,0
7541,0
7542,0
7543,0
7544,0
7545,0
7546,0
7547,0
7548,0
7549,0
7550,0
7551,0
7552,0
7553,0
7554,0
7555,0
7556,0
7557,0
7558,0
7559,0
7560,0
7561,0
7562,0
7563,0
7564,0
7565,0
7566,0
7567,0
7568,0
7569,0
7570,0
7571,0
7572,0
7573,0
7574,0
7575,0
7576,0
7577,0
7578,0
7579,0
7580,0
7581,0
7582,0
7583,0
7584,0
7585,0
7586,0
7587,0
7588,0
7589,0
7590,0
7591,0
7592,0
7593,0
7594,0
7595,0
7596,0
7597,1
7598,0
7599,0
7600,0
7601,1
7602,0
7603,0
7604,0
7605,0
7606,0
7607,0
7608,0
7609,1
7610,0
7611,1
7612,1
7613,0
7614,0
7615,1
7616,0
7617,1
7618,0
7619,0
7620,0
7621,0
7622,1
7623,0
7624,0
7625,0
7626,0
7627,0
7628,0
7629,0
7630,0
7631,0
7632,0
7633,0
7634,0
7635,1
7636,1
7637,1
7638,1
7639,1
7640,1
7641,0
7642,1
7643,0
7644,0
7645,1
7646,0
7647,0
7648,0
7649,1
7650,1
7651,1
7652,1
7653,1
7654,0
7655,1
7656,0
7657,1
7658,1
7659,0
7660,1
7661,1
7662,0
7663,0
7664,0
7665,0
7666,0
7667,0
7668,1
7669,1
7670,0
7671,1
7672,1
7673,0
7674,0
7675,0
7676,0
7677,1
7678,1
7679,0
7680,1
7681,0
7682,1
7683,1
7684,0
7685,1
7686,1
7687,1
7688,1
7689,1
7690,0
7691,0
7692,1
7693,1
7694,0
7695,0
7696,1
7697,0
7698,0
7699,1
7700,1
7701,1
7702,1
7703,1
7704,0
7705,0
7706,0
7707,1
7708,0
7709,0
7710,1
7711,1
7712,1
7713,1
7714,1
7715,1
7716,1
7717,1
7718,0
7719,1
7720,1
7721,1
7722,1
7723,1
7724,1
7725,1
7726,0
7727,1
7728,1
7729,1
7730,1
7731,1
7732,1
7733,1
7734,1
7735,1
7736,1
7737,1
7738,1
7739,0
7740,1
7741,1
7742,1
7743,1
7744,1
7745,1
7746,1
7747,1
7748,1
7749,1
7750,1
7751,1
7752,1
7753,1
7754,1
7755,1
7756,0
7757,1
7758,1
7759,1
7760,1
7761,1
7762,1
7763,1
7764,1
7765,0
7766,1
7767,1
7768,1
7769,1
7770,1
7771,1
7772,1
7773,0
7774,1
7775,1
7776,1
7777,0
7778,1
7779,1
7780,1
7781,1
7782,1
7783,1
7784,1
7785,1
7786,1
7787,1
7788,1
7789,1
7790,1
7791,1
7792,1
7793,1
7794,0
7795,1
7796,1
7797,1
7798,1
7799,1
7800,1
7801,1
7802,1
7803,1
7804,1
7805,1
7806,1
7807,1
7808,1
7809,1
7810,1
7811,1
7812,1
7813,1
7814,1
7815,1
7816,1
7817,1
7818,1
7819,1
7820,1
7821,1
7822,1
7823,1
7824,1
7825,1
7826,1
7827,1
7828,1
7829,1
7830,1
7831,1
7832,1
7833,1
7834,1
7835,1
7836,1
7837,1
7838,1
7839,1
7840,1
7841,1
7842,1
7843,1
7844,1
7845,1
7846,1
7847,1
7848,1
7849,1
7850,1
7851,1
7852,1
7853,1
7854,1
7855,1
7856,1
7857,1
7858,1
7859,1
7860,1
7861,1
7862,1
7863,1
7864,1
7865,1
7866,1
7867,1
7868,1
7869,1
7870,1
7871,1
7872,1
7873,0
7874,1
7875,1
7876,1
7877,1
7878,1
7879,1
7880,1
7881,1
7882,1
7883,1
7884,1
7885,1
7886,1
7887,1
7888,1
7889,1
7890,1
7891,1
7892,1
7893,1
7894,1
7895,1
7896,1
7897,1
7898,1
7899,1
7900,1
7901,1
7902,1
7903,1
7904,1
7905,1
7906,1
7907,1
7908,1
7909,1
7910,1
7911,1
7912,0
7913,1
7914,1
7915,1
7916,1
7917,1
7918,1
7919,1
7920,1
7921,1
7922,1
7923,1
7924,1
7925,1
7926,1
7927,1
7928,1
7929,1
7930,1
7931,1
7932,1
7933,1
7934,1
7935,1
7936,1
7937,1
7938,1
7939,1
7940,1
7941,1
7942,1
7943,1
7944,1
7945,1
7946,1
7947,1
7948,1
7949,1
7950,1
7951,1
7952,1
7953,1
7954,1
7955,1
7956,1
7957,1
7958,1
7959,1
7960,1
7961,1
7962,1
7963,1
7964,1
7965,1
7966,1
7967,1
7968,1
7969,1
7970,1
7971,1
7972,1
7973,1
7974,1
7975,1
7976,1
7977,1
7978,1
7979,1
7980,1
7981,1
7982,1
7983,1
7984,0
7985,1
7986,1
7987,1
7988,1
7989,1
7990,1
7991,1
7992,1
7993,1
7994,1
7995,1
7996,0
7997,1
7998,1
7999,1
8000,1
8001,1
8002,1
8003,1
8004,1
8005,1
8006,1
8007,1
8008,1
8009,1
8010,1
8011,1
8012,0
8013,0
8014,1
8015,1
8016,1
8017,0
8018,1
8019,1
8020,1
8021,0
8022,1
8023,1
8024,1
8025,1
8026,1
8027,1
8028,1
8029,1
8030,1
8031,0
8032,1
8033,1
8034,1
8035,1
8036,0
8037,1
8038,0
8039,1
8040,0
8041,1
8042,0
8043,1
8044,0
8045,1
8046,1
8047,1
8048,0
8049,1
8050,1
8051,1
8052,1
8053,1
8054,1
8055,1
8056,1
8057,1
8058,1
8059,1
8060,0
8061,1
8062,1
8063,1
8064,0
8065,0
8066,0
8067,1
8068,1
8069,0
8070,0
8071,1
8072,1
8073,0
8074,0
8075,0
8076,1
8077,1
8078,0
8079,0
8080,1
8081,1
8082,1
8083,1
8084,0
8085,0
8086,0
8087,0
8088,1
8089,1
8090,0
8091,0
8092,0
8093,0
8094,0
8095,0
8096,0
8097,0
8098,0
8099,0
8100,0
8101,0
8102,0
8103,0
8104,0
8105,0
8106,0
8107,0
8108,0
8109,0
8110,0
8111,0
8112,0
8113,0
8114,0
8115,0
8116,0
8117,0
8118,0
8119,0
8120,0
8121,0
8122,0
8123,0
8124,0
8125,0
8126,0
8127,0
8128,0
8129,0
8130,0
8131,0
8132,0
8133,0
8134,0
8135,0
8136,0
8137,0
8138,0
8139,0
8140,0
8141,0
8142,0
8143,0
8144,0
8145,0
8146,0
8147,0
8148,0
8149,0
8150,0
8151,0
8152,0
8153,0
8154,0
8155,0
8156,0
8157,0
8158,0
8159,0
8160,0
8161,0
8162,0
8163,0
8164,0
8165,0
8166,0
8167,0
8168,0
8169,0
8170,0
8171,0
8172,0
8173,0
8174,0
8175,0
8176,0
8177,0
8178,0
8179,0
8180,0
8181,0
8182,0
8183,0
8184,0
8185,0
8186,0
8187,0
8188,0
8189,0
8190,0
8191,0
8192,0
8193,0
8194,0
8195,0
8196,0
8197,0
8198,0
8199,0
8200,0
8201,0
8202,0
8203,0
8204,0
8205,0
8206,0
8207,0
8208,0
8209,0
8210,0
8211,0
8212,0
8213,0
8214,0
8215,0
8216,0
8217,0
8218,0
8219,0
8220,0
8221,0
8222,0
8223,0
8224,0
8225,0
8226,0
8227,0
8228,0
8229,0
8230,0
8231,0
8232,0
8233,0
8234,0
8235,0
8236,0
8237,0
8238,0
8239,0
8240,0
8241,0
8242,0
8243,0
8244,0
8245,0
8246,0
8247,0
8248,0
8249,0
8250,0
8251,0
8252,0
8253,0
8254,0
8255,0
8256,0
8257,0
8258,0
8259,0
8260,0
8261,0
8262,0
8263,0
8264,0
8265,0
8266,0
8267,0
8268,0
8269,0
8270,0
8271,0
8272,0
8273,0
8274,0
8275,0
8276,0
8277,0
8278,0
8279,0
8280,0
8281,0
8282,0
8283,0
8284,0
8285,0
8286,0
8287,0
8288,0
8289,0
8290,0
8291,0
8292,0
8293,0
8294,0
8295,0
8296,0
8297,0
8298,0
8299,0
8300,0
8301,0
8302,0
8303,0
8304,0
8305,0
8306,0
8307,0
8308,0
8309,0
8310,0
8311,0
8312,0
8313,0
8314,0
8315,0
8316,0
8317,0
8318,0
8319,0
8320,0
8321,0
8322,0
8323,0
8324,0
8325,0
8326,0
8327,0
8328,0
8329,0
8330,0
8331,0
8332,0
8333,0
8334,0
8335,0
8336,0
8337,0
8338,0
8339,0
8340,0
8341,0
8342,0
8343,0
8344,0
8345,0
8346,0
8347,0
8348,0
8349,0
8350,0
8351,0
8352,0
8353,0
8354,0
8355,0
8356,0
8357,0
8358,0
8359,0
8360,0
8361,0
8362,0
8363,0
8364,0
8365,0
8366,0
8367,0
8368,0
8369,0
8370,0
8371,0
8372,0
8373,0
8374,0
8375,0
8376,0
8377,0
8378,0
8379,0
8380,0
8381,0
8382,0
8383,0
8384,0
8385,0
8386,0
8387,0
8388,0
8389,0
8390,0
8391,0
8392,0
8393,0
8394,0
8395,0
8396,0
8397,0
8398,0
8399,0
8400,0
8401,1
8402,0
8403,1
8404,1
8405,0
8406,0
8407,0
8408,1
8409,1
8410,1
8411,0
8412,0
8413,0
8414,0
8415,0
8416,1
8417,0
8418,0
8419,0
8420,0
8421,0
8422,1
8423,0
8424,1
8425,1
8426,0
8427,1
8428,1
8429,1
8430,0
8431,0
8432,0
8433,1
8434,0
8435,0
8436,1
8437,0
8438,1
8439,1
8440,1
8441,1
8442,1
8443,1
8444,1
8445,1
8446,1
8447,1
8448,0
8449,0
8450,0
8451,1
8452,0
8453,1
8454,1
8455,1
8456,1
8457,1
8458,1
8459,1
8460,0
8461,0
8462,1
8463,1
8464,1
8465,1
8466,1
8467,1
8468,1
8469,0
8470,0
8471,1
8472,1
8473,1
8474,1
8475,1
8476,0
8477,1
8478,1
8479,0
8480,0
8481,1
8482,1
8483,1
8484,1
8485,1
8486,1
8487,1
8488,1
8489,0
8490,0
8491,1
8492,1
8493,1
8494,1
8495,0
8496,1
8497,0
8498,1
8499,1
8500,1
8501,1
8502,0
8503,1
8504,1
8505,1
8506,1
8507,1
8508,1
8509,1
8510,1
8511,1
8512,1
8513,1
8514,1
8515,1
8516,1
8517,1
8518,1
8519,1
8520,1
8521,1
8522,1
8523,0
8524,1
8525,1
8526,1
8527,1
8528,1
8529,1
8530,1
8531,1
8532,1
8533,0
8534,1
8535,0
8536,1
8537,1
8538,1
8539,1
8540,1
8541,1
8542,1
8543,1
8544,1
8545,1
8546,1
8547,1
8548,1
8549,1
8550,1
8551,1
8552,1
8553,1
8554,1
8555,1
8556,1
8557,1
8558,1
8559,0
8560,1
8561,1
8562,1
8563,1
8564,1
8565,1
8566,1
8567,1
8568,1
8569,1
8570,1
8571,1
8572,1
8573,1
8574,1
8575,1
8576,1
8577,1
8578,1
8579,1
8580,1
8581,1
8582,1
8583,1
8584,1
8585,1
8586,1
8587,1
8588,1
8589,1
8590,1
8591,1
8592,1
8593,1
8594,1
8595,1
8596,1
8597,1
8598,1
8599,1
8600,1
8601,1
8602,1
8603,1
8604,1
8605,1
8606,1
8607,1
8608,1
8609,1
8610,1
8611,1
8612,1
8613,1
8614,1
8615,1
8616,1
8617,1
8618,1
8619,1
8620,1
8621,1
8622,1
8623,1
8624,1
8625,1
8626,1
8627,1
8628,1
8629,1
8630,1
8631,1
8632,1
8633,1
8634,1
8635,1
8636,1
8637,1
8638,1
8639,1
8640,1
8641,1
8642,1
8643,1
8644,1
8645,1
8646,1
8647,1
8648,1
8649,1
8650,1
8651,1
8652,1
8653,1
8654,1
8655,1
8656,1
8657,1
8658,1
8659,1
8660,1
8661,1
8662,1
8663,1
8664,1
8665,1
8666,1
8667,1
8668,1
8669,1
8670,1
8671,1
8672,1
8673,1
8674,1
8675,1
8676,1
8677,1
8678,1
8679,1
8680,1
8681,1
8682,1
8683,1
8684,1
8685,1
8686,1
8687,1
8688,1
8689,1
8690,1
8691,1
8692,1
8693,1
8694,1
8695,1
8696,1
8697,1
8698,1
8699,1
8700,1
8701,1
8702,1
8703,1
8704,1
8705,1
8706,1
8707,1
8708,1
8709,1
8710,1
8711,1
8712,1
8713,1
8714,1
8715,1
8716,1
8717,1
8718,1
8719,1
8720,1
8721,1
8722,1
8723,1
8724,1
8725,1
8726,1
8727,1
8728,1
8729,1
8730,1
8731,1
8732,1
8733,1
8734,1
8735,1
8736,1
8737,1
8738,1
8739,1
8740,1
8741,0
8742,1
8743,1
8744,1
8745,1
8746,1
8747,1
8748,0
8749,1
8750,1
8751,1
8752,1
8753,1
8754,1
8755,1
8756,1
8757,1
8758,1
8759,1
8760,1
8761,1
8762,1
8763,1
8764,1
8765,1
8766,1
8767,1
8768,1
8769,1
8770,1
8771,0
8772,1
8773,1
8774,1
8775,1
8776,1
8777,1
8778,0
8779,1
8780,1
8781,1
8782,1
8783,1
8784,1
8785,1
8786,1
8787,1
8788,0
8789,1
8790,1
8791,1
8792,1
8793,0
8794,1
8795,1
8796,1
8797,1
8798,0
8799,1
8800,0
8801,1
8802,1
8803,1
8804,0
8805,1
8806,1
8807,1
8808,1
8809,1
8810,1
8811,1
8812,1
8813,0
8814,1
8815,0
8816,1
8817,1
8818,1
8819,1
8820,1
8821,1
8822,1
8823,0
8824,0
8825,0
8826,0
8827,0
8828,0
8829,1
8830,1
8831,0
8832,0
8833,0
8834,1
8835,0
8836,1
8837,1
8838,0
8839,0
8840,1
8841,0
8842,0
8843,0
8844,1
8845,0
8846,0
8847,0
8848,0
8849,0
8850,0
8851,0
8852,0
8853,0
8854,0
8855,0
8856,0
8857,0
8858,0
8859,0
8860,0
8861,0
8862,0
8863,0
8864,0
8865,0
8866,0
8867,0
8868,0
8869,0
8870,0
8871,0
8872,0
8873,0
8874,0
8875,0
8876,0
8877,0
8878,0
8879,0
8880,0
8881,0
8882,0
8883,0
8884,0
8885,0
8886,0
8887,0
8888,0
8889,0
8890,0
8891,0
8892,0
8893,0
8894,0
8895,0
8896,0
8897,0
8898,0
8899,0
8900,0
8901,0
8902,0
8903,0
8904,0
8905,0
8906,0
8907,0
8908,0
8909,0
8910,0
8911,0
8912,0
8913,0
8914,0
8915,0
8916,0
8917,0
8918,0
8919,0
8920,0
8921,0
8922,0
8923,0
8924,0
8925,0
8926,0
8927,0
8928,0
8929,0
8930,0
8931,0
8932,0
8933,0
8934,0
8935,0
8936,0
8937,0
8938,0
8939,0
8940,0
8941,0
8942,0
8943,0
8944,0
8945,0
8946,0
8947,0
8948,0
8949,0
8950,0
8951,0
8952,0
8953,0
8954,0
8955,0
8956,0
8957,0
8958,0
8959,0
8960,0
8961,0
8962,0
8963,0
8964,0
8965,0
8966,0
8967,0
8968,0
8969,0
8970,0
8971,0
8972,0
8973,0
8974,0
8975,0
8976,0
8977,0
8978,0
8979,0
8980,0
8981,0
8982,0
8983,0
8984,0
8985,0
8986,0
8987,0
8988,0
8989,0
8990,0
8991,0
8992,0
8993,0
8994,0
8995,0
8996,0
8997,0
8998,0
8999,0
9000,0
9001,0
9002,0
9003,0
9004,0
9005,0
9006,0
9007,0
9008,0
9009,0
9010,0
9011,0
9012,0
9013,0
9014,0
9015,0
9016,0
9017,0
9018,0
9019,0
9020,0
9021,0
9022,0
9023,0
9024,0
9025,0
9026,0
9027,0
9028,0
9029,0
9030,0
9031,0
9032,0
9033,0
9034,0
9035,0
9036,0
9037,0
9038,0
9039,0
9040,0
9041,0
9042,0
9043,0
9044,0
9045,0
9046,0
9047,0
9048,0
9049,0
9050,0
9051,0
9052,0
9053,0
9054,0
9055,0
9056,0
9057,0
9058,0
9059,0
9060,0
9061,0
9062,0
9063,0
9064,0
9065,0
9066,0
9067,0
9068,0
9069,0
9070,0
9071,0
9072,0
9073,0
9074,0
9075,0
9076,0
9077,0
9078,0
9079,0
9080,0
9081,0
9082,0
9083,0
9084,0
9085,0
9086,0
9087,0
9088,0
9089,0
9090,0
9091,0
9092,0
9093,0
9094,0
9095,0
9096,0
9097,0
9098,0
9099,0
9100,0
9101,0
9102,0
9103,0
9104,0
9105,0
9106,0
9107,0
9108,0
9109,0
9110,0
9111,0
9112,0
9113,0
9114,0
9115,0
9116,0
9117,0
9118,0
9119,0
9120,0
9121,0
9122,0
9123,0
9124,0
9125,0
9126,0
9127,0
9128,0
9129,0
9130,0
9131,0
9132,0
9133,0
9134,1
9135,1
9136,1
9137,0
9138,0
9139,0
9140,0
9141,0
9142,1
9143,0
9144,0
9145,0
9146,0
9147,0
9148,0
9149,0
9150,0
9151,1
9152,0
9153,0
9154,1
9155,0
9156,0
9157,1
9158,1
9159,0
9160,0
9161,0
9162,0
9163,1
9164,0
9165,1
9166,0
9167,1
9168,0
9169,0
9170,0
9171,1
9172,0
9173,1
9174,1
9175,1
9176,0
9177,1
9178,1
9179,0
9180,0
9181,1
9182,1
9183,1
9184,1
9185,0
9186,0
9187,0
9188,0
9189,1
9190,1
9191,1
9192,0
9193,0
9194,1
9195,1
9196,1
9197,1
9198,0
9199,1
9200,1
9201,1
9202,0
9203,1
9204,0
9205,0
9206,1
9207,0
9208,1
9209,1
9210,0
9211,0
9212,0
9213,1
9214,1
9215,1
9216,1
9217,0
9218,1
9219,0
9220,1
9221,1
9222,0
9223,1
9224,1
9225,1
9226,1
9227,1
9228,0
9229,1
9230,1
9231,1
9232,1
9233,1
9234,1
9235,1
9236,1
9237,0
9238,1
9239,1
9240,1
9241,1
9242,1
9243,0
9244,1
9245,1
9246,0
9247,0
9248,1
9249,1
9250,0
9251,1
9252,1
9253,1
9254,1
9255,1
9256,1
9257,0
9258,0
9259,1
9260,1
9261,1
9262,1
9263,0
9264,0
9265,0
9266,1
9267,0
9268,1
9269,1
9270,1
9271,0
9272,1
9273,1
9274,1
9275,0
9276,1
9277,1
9278,1
9279,1
9280,1
9281,0
9282,0
9283,1
9284,0
9285,0
9286,1
9287,1
9288,1
9289,1
9290,1
9291,1
9292,1
9293,1
9294,1
9295,1
9296,1
9297,1
9298,1
9299,0
9300,1
9301,1
9302,1
9303,0
9304,1
9305,1
9306,0
9307,1
9308,0
9309,1
9310,1
9311,0
9312,1
9313,1
9314,1
9315,1
9316,1
9317,1
9318,0
9319,1
9320,1
9321,1
9322,1
9323,1
9324,1
9325,1
9326,1
9327,1
9328,1
9329,1
9330,1
9331,1
9332,1
9333,1
9334,1
9335,1
9336,1
9337,1
9338,1
9339,1
9340,1
9341,1
9342,1
9343,1
9344,1
9345,1
9346,1
9347,1
9348,1
9349,0
9350,1
9351,1
9352,1
9353,1
9354,1
9355,1
9356,1
9357,1
9358,1
9359,1
9360,0
9361,1
9362,1
9363,1
9364,1
9365,1
9366,1
9367,1
9368,1
9369,1
9370,1
9371,1
9372,1
9373,1
9374,1
9375,1
9376,1
9377,1
9378,1
9379,1
9380,1
9381,0
9382,1
9383,1
9384,1
9385,1
9386,1
9387,1
9388,1
9389,1
9390,1
9391,1
9392,1
9393,1
9394,1
9395,1
9396,1
9397,1
9398,1
9399,1
9400,1
9401,1
9402,1
9403,1
9404,1
9405,1
9406,1
9407,1
9408,1
9409,1
9410,1
9411,1
9412,1
9413,1
9414,1
9415,1
9416,1
9417,1
9418,1
9419,1
9420,1
9421,1
9422,1
9423,1
9424,1
9425,1
9426,1
9427,1
9428,1
9429,1
9430,1
9431,1
9432,1
9433,1
9434,1
9435,1
9436,1
9437,1
9438,1
9439,1
9440,1
9441,1
9442,1
9443,1
9444,1
9445,1
9446,1
9447,1
9448,1
9449,1
9450,0
9451,1
9452,1
9453,1
9454,1
9455,1
9456,1
9457,0
9458,1
9459,1
9460,1
9461,1
9462,1
9463,0
9464,1
9465,1
9466,1
9467,1
9468,1
9469,1
9470,1
9471,1
9472,1
9473,1
9474,1
9475,1
9476,1
9477,1
9478,1
9479,1
9480,1
9481,1
9482,1
9483,1
9484,1
9485,1
9486,1
9487,1
9488,1
9489,1
9490,1
9491,0
9492,1
9493,1
9494,1
9495,1
9496,1
9497,1
9498,1
9499,1
9500,1
9501,1
9502,1
9503,1
9504,1
9505,1
9506,1
9507,1
9508,1
9509,1
9510,1
9511,0
9512,1
9513,0
9514,1
9515,1
9516,0
9517,1
9518,1
9519,1
9520,1
9521,1
9522,1
9523,1
9524,1
9525,1
9526,0
9527,1
9528,1
9529,1
9530,1
9531,1
9532,1
9533,1
9534,1
9535,1
9536,1
9537,1
9538,1
9539,1
9540,1
9541,0
9542,1
9543,1
9544,1
9545,1
9546,1
9547,1
9548,1
9549,0
9550,1
9551,1
9552,1
9553,1
9554,1
9555,1
9556,1
9557,1
9558,1
9559,1
9560,0
9561,1
9562,1
9563,1
9564,1
9565,1
9566,0
9567,0
9568,1
9569,1
9570,1
9571,1
9572,1
9573,1
9574,1
9575,1
9576,1
9577,1
9578,1
9579,1
9580,1
9581,1
9582,0
9583,1
9584,1
9585,1
9586,1
9587,1
9588,0
9589,1
9590,1
9591,1
9592,1
9593,0
9594,1
9595,0
9596,0
9597,0
9598,1
9599,1
9600,0
9601,0
9602,0
9603,1
9604,0
9605,0
9606,0
9607,0
9608,0
9609,0
9610,0
9611,0
9612,0
9613,0
9614,0
9615,0
9616,0
9617,0
9618,0
9619,0
9620,0
9621,0
9622,0
9623,0
9624,0
9625,0
9626,0
9627,0
9628,0
9629,0
9630,0
9631,0
9632,0
9633,0
9634,0
9635,0
9636,0
9637,0
9638,0
9639,0
9640,0
9641,0
9642,0
9643,0
9644,0
9645,0
9646,0
9647,0
9648,0
9649,0
9650,0
9651,0
9652,0
9653,0
9654,0
9655,0
9656,0
9657,0
9658,0
9659,0
9660,0
9661,0
9662,0
9663,0
9664,0
9665,0
9666,0
9667,0
9668,0
9669,0
9670,0
9671,0
9672,0
9673,0
9674,0
9675,0
9676,0
9677,0
9678,0
9679,0
9680,0
9681,0
9682,0
9683,0
9684,0
9685,0
9686,0
9687,0
9688,0
9689,0
9690,0
9691,0
9692,0
9693,0
9694,0
9695,0
9696,0
9697,0
9698,0
9699,0
9700,0
9701,0
9702,0
9703,0
9704,0
9705,0
9706,0
9707,0
9708,0
9709,0
9710,0
9711,0
9712,0
9713,0
9714,0
9715,0
9716,0
9717,0
9718,0
9719,0
9720,0
9721,0
9722,0
9723,0
9724,0
9725,0
9726,0
9727,0
9728,0
9729,0
9730,0
9731,0
9732,0
9733,0
9734,0
9735,0
9736,0
9737,0
9738,0
9739,0
9740,0
9741,0
9742,0
9743,0
9744,0
9745,0
9746,0
9747,0
9748,0
9749,0
9750,0
9751,0
9752,0
9753,0
9754,0
9755,0
9756,0
9757,0
9758,0
9759,0
9760,0
9761,0
9762,0
9763,0
9764,0
9765,0
9766,0
9767,0
9768,0
9769,0
9770,0
9771,0
9772,0
9773,0
9774,0
9775,0
9776,0
9777,0
9778,0
9779,0
9780,0
9781,0
9782,0
9783,0
9784,0
9785,0
9786,0
9787,0
9788,0
9789,0
9790,0
9791,0
9792,0
9793,0
9794,0
9795,0
9796,0
9797,0
9798,0
9799,0
9800,0
9801,0
9802,0
9803,0
9804,0
9805,0
9806,0
9807,0
9808,0
9809,0
9810,0
9811,0
9812,0
9813,0
9814,0
9815,0
9816,0
9817,0
9818,0
9819,0
9820,0
9821,0
9822,0
9823,0
9824,0
9825,0
9826,0
9827,0
9828,0
9829,0
9830,0
9831,0
9832,0
9833,0
9834,0
9835,0
9836,0
9837,0
9838,0
9839,0
9840,0
9841,0
9842,0
9843,0
9844,0
9845,0
9846,0
9847,0
9848,0
9849,0
9850,0
9851,0
9852,0
9853,0
9854,0
9855,0
9856,0
9857,0
9858,0
9859,0
9860,0
9861,0
9862,0
9863,0
9864,0
9865,0
9866,0
9867,0
9868,0
9869,0
9870,0
9871,0
9872,0
9873,0
9874,0
9875,0
9876,0
9877,0
9878,0
9879,0
9880,0
9881,0
9882,0
9883,0
9884,0
9885,1
9886,0
9887,0
9888,0
9889,0
9890,0
9891,0
9892,0
9893,0
9894,1
9895,0
9896,1
9897,0
9898,1
9899,1
9900,0
9901,1
9902,0
9903,1
9904,1
9905,1
9906,1
9907,1
9908,0
9909,1
9910,1
9911,0
9912,0
9913,1
9914,0
9915,0
9916,0
9917,1
9918,0
9919,0
9920,1
9921,1
9922,1
9923,1
9924,1
9925,0
9926,1
9927,0
9928,1
9929,1
9930,1
9931,0
9932,1
9933,0
9934,1
9935,1
9936,1
9937,1
9938,0
9939,0
9940,0
9941,0
9942,1
9943,1
9944,0
9945,0
9946,1
9947,1
9948,1
9949,1
9950,1
9951,1
9952,1
9953,0
9954,1
9955,0
9956,1
9957,1
9958,1
9959,0
9960,0
9961,1
9962,0
9963,1
9964,0
9965,1
9966,1
9967,1
9968,1
9969,1
9970,1
9971,1
9972,1
9973,1
9974,1
9975,1
9976,1
9977,1
9978,1
9979,1
9980,1
9981,0
9982,0
9983,1
9984,1
9985,0
9986,1
9987,0
9988,1
9989,1
9990,1
9991,0
9992,1
9993,1
9994,1
9995,0
9996,1
9997,1
9998,1
9999,1
10000,1
10001,1
10002,1
10003,1
10004,1
10005,1
10006,1
10007,1
10008,1
10009,1
10010,0
10011,1
10012,1
10013,1
10014,1
10015,1
10016,1
10017,1
10018,1
10019,1
10020,1
10021,0
10022,1
10023,1
10024,1
10025,1
10026,1
10027,1
10028,1
10029,1
10030,1
10031,1
10032,1
10033,1
10034,1
10035,1
10036,1
10037,1
10038,1
10039,0
10040,1
10041,1
10042,1
10043,1
10044,1
10045,1
10046,0
10047,1
10048,1
10049,1
10050,1
10051,1
10052,1
10053,1
10054,1
10055,0
10056,1
10057,1
10058,1
10059,1
10060,1
10061,1
10062,1
10063,1
10064,1
10065,1
10066,0
10067,1
10068,1
10069,1
10070,1
10071,1
10072,1
10073,1
10074,1
10075,1
10076,1
10077,1
10078,0
10079,1
10080,1
10081,1
10082,1
10083,1
10084,0
10085,1
10086,1
10087,1
10088,1
10089,1
10090,1
10091,1
10092,1
10093,1
10094,1
10095,1
10096,1
10097,1
10098,1
10099,1
10100,1
10101,1
10102,1
10103,1
10104,1
10105,1
10106,1
10107,1
10108,1
10109,1
10110,1
10111,1
10112,1
10113,1
10114,1
10115,1
10116,1
10117,1
10118,1
10119,1
10120,1
10121,1
10122,1
10123,1
10124,1
10125,1
10126,1
10127,1
10128,1
10129,1
10130,1
10131,1
10132,1
10133,1
10134,1
10135,1
10136,1
10137,1
10138,1
10139,1
10140,1
10141,1
10142,1
10143,1
10144,1
10145,1
10146,1
10147,0
10148,1
10149,1
10150,1
10151,1
10152,1
10153,1
10154,1
10155,1
10156,1
10157,1
10158,1
10159,1
10160,1
10161,1
10162,1
10163,1
10164,1
10165,1
10166,1
10167,1
10168,1
10169,1
10170,1
10171,1
10172,1
10173,1
10174,1
10175,1
10176,0
10177,1
10178,1
10179,1
10180,1
10181,1
10182,1
10183,1
10184,1
10185,0
10186,1
10187,1
10188,0
10189,1
10190,1
10191,1
10192,1
10193,1
10194,1
10195,1
10196,1
10197,1
10198,1
10199,0
10200,1
10201,1
10202,1
10203,1
10204,1
10205,1
10206,1
10207,1
10208,1
10209,1
10210,1
10211,1
10212,1
10213,1
10214,1
10215,1
10216,1
10217,1
10218,1
10219,1
10220,1
10221,0
10222,1
10223,0
10224,1
10225,1
10226,1
10227,1
10228,0
10229,1
10230,1
10231,0
10232,1
10233,1
10234,1
10235,1
10236,1
10237,1
10238,0
10239,1
10240,1
10241,1
10242,1
10243,1
10244,1
10245,1
10246,1
10247,1
10248,1
10249,0
10250,1
10251,1
10252,1
10253,1
10254,1
10255,1
10256,1
10257,1
10258,0
10259,1
10260,1
10261,1
10262,0
10263,0
10264,1
10265,1
10266,0
10267,0
10268,1
10269,1
10270,1
10271,1
10272,1
10273,1
10274,0
10275,1
10276,0
10277,0
10278,1
10279,1
10280,1
10281,1
10282,0
10283,0
10284,1
10285,0
10286,0
10287,0
10288,0
10289,0
10290,1
10291,0
10292,0
10293,0
10294,0
10295,0
10296,0
10297,0
10298,0
10299,0
10300,0
10301,0
10302,0
10303,0
10304,0
10305,0
10306,0
10307,0
10308,0
10309,0
10310,0
10311,0
10312,0
10313,0
10314,0
10315,0
10316,0
10317,0
10318,0
10319,0
10320,0
10321,0
10322,0
10323,0
10324,0
10325,0
10326,0
10327,0
10328,0
10329,0
10330,0
10331,0
10332,0
10333,0
10334,0
10335,0
10336,0
10337,0
10338,0
10339,0
10340,0
10341,0
10342,0
10343,0
10344,0
10345,0
10346,0
10347,0
10348,0
10349,0
10350,0
10351,0
10352,0
10353,0
10354,0
10355,0
10356,0
10357,0
10358,0
10359,0
10360,0
10361,0
10362,0
10363,0
10364,0
10365,0
10366,0
10367,0
10368,0
10369,0
10370,0
10371,0
10372,0
10373,0
10374,0
10375,0
10376,0
10377,0
10378,0
10379,0
10380,0
10381,0
10382,0
10383,0
10384,0
10385,0
10386,0
10387,0
10388,0
10389,0
10390,0
10391,0
10392,0
10393,0
10394,0
10395,0
10396,0
10397,0
10398,0
10399,0
10400,0
10401,0
10402,0
10403,0
10404,0
10405,0
10406,0
10407,0
10408,0
10409,0
10410,0
10411,0
10412,0
10413,0
10414,0
10415,0
10416,0
10417,0
10418,0
10419,0
10420,0
10421,0
10422,0
10423,0
10424,0
10425,0
10426,0
10427,0
10428,0
10429,0
10430,0
10431,0
10432,0
10433,0
10434,0
10435,0
10436,0
10437,0
10438,0
10439,0
10440,0
10441,0
10442,0
10443,0
10444,0
10445,0
10446,0
10447,0
10448,0
10449,0
10450,0
10451,0
10452,0
10453,0
10454,0
10455,0
10456,0
10457,0
10458,0
10459,0
10460,0
10461,0
10462,0
10463,0
10464,0
10465,0
10466,0
10467,0
10468,0
10469,0
10470,0
10471,0
10472,0
10473,0
10474,0
10475,0
10476,0
10477,0
10478,0
10479,0
10480,0
10481,0
10482,0
10483,0
10484,0
10485,0
10486,0
10487,0
10488,0
10489,0
10490,0
10491,0
10492,0
10493,0
10494,0
10495,0
10496,0
10497,0
10498,0
10499,0
10500,0
10501,0
10502,0
10503,0
10504,0
10505,0
10506,0
10507,0
10508,0
10509,0
10510,0
10511,0
10512,0
10513,0
10514,0
10515,0
10516,0
10517,0
10518,0
10519,0
10520,0
10521,0
10522,0
10523,0
10524,0
10525,0
10526,0
10527,0
10528,0
10529,0
10530,0
10531,0
10532,0
10533,0
10534,0
10535,1
10536,0
10537,0
10538,0
10539,1
10540,0
10541,1
10542,0
10543,1
10544,0
10545,0
10546,0
10547,1
10548,0
10549,0
10550,0
10551,1
10552,1
10553,0
10554,0
10555,1
10556,0
10557,1
10558,0
10559,0
10560,0
10561,0
10562,0
10563,1
10564,1
10565,0
10566,0
10567,0
10568,1
10569,1
10570,1
10571,1
10572,1
10573,1
10574,1
10575,1
10576,0
10577,0
10578,0
10579,1
10580,0
10581,0
10582,1
10583,0
10584,1
10585,0
10586,1
10587,1
10588,0
10589,1
10590,1
10591,0
10592,0
10593,0
10594,0
10595,1
10596,1
10597,1
10598,1
10599,1
10600,1
10601,0
10602,1
10603,1
10604,1
10605,1
10606,1
10607,1
10608,1
10609,0
10610,1
10611,1
10612,1
10613,1
10614,1
10615,1
10616,1
10617,1
10618,0
10619,0
10620,1
10621,1
10622,0
10623,1
10624,1
10625,1
10626,1
10627,0
10628,1
10629,0
10630,1
10631,1
10632,1
10633,1
10634,1
10635,1
10636,0
10637,1
10638,1
10639,1
10640,0
10641,0
10642,0
10643,1
10644,0
10645,1
10646,1
10647,1
10648,1
10649,1
10650,1
10651,1
10652,1
10653,1
10654,1
10655,1
10656,1
10657,1
10658,1
10659,1
10660,1
10661,1
10662,1
10663,1
10664,1
10665,1
10666,1
10667,1
10668,1
10669,0
10670,0
10671,1
10672,1
10673,1
10674,1
10675,1
10676,0
10677,1
10678,1
10679,1
10680,1
10681,0
10682,1
10683,1
10684,1
10685,1
10686,0
10687,1
10688,1
10689,1
10690,1
10691,1
10692,1
10693,1
10694,1
10695,1
10696,1
10697,1
10698,1
10699,1
10700,1
10701,1
10702,1
10703,0
10704,1
10705,1
10706,1
10707,0
10708,1
10709,1
10710,1
10711,1
10712,1
10713,1
10714,1
10715,1
10716,1
10717,1
10718,0
10719,1
10720,1
10721,1
10722,1
10723,1
10724,1
10725,1
10726,1
10727,1
10728,1
10729,1
10730,1
10731,1
10732,1
10733,1
10734,1
10735,1
10736,1
10737,1
10738,1
10739,1
10740,1
10741,1
10742,1
10743,1
10744,1
10745,1
10746,1
10747,1
10748,1
10749,1
10750,1
10751,1
10752,1
10753,1
10754,1
10755,0
10756,1
10757,1
10758,0
10759,1
10760,1
10761,1
10762,1
10763,1
10764,1
10765,1
10766,1
10767,1
10768,1
10769,1
10770,1
10771,1
10772,1
10773,1
10774,1
10775,1
10776,1
10777,1
10778,1
10779,1
10780,1
10781,1
10782,1
10783,0
10784,1
10785,1
10786,1
10787,1
10788,1
10789,1
10790,1
10791,1
10792,1
10793,1
10794,1
10795,1
10796,1
10797,1
10798,1
10799,1
10800,1
10801,1
10802,1
10803,1
10804,1
10805,1
10806,1
10807,1
10808,1
10809,1
10810,1
10811,1
10812,1
10813,1
10814,1
10815,0
10816,1
10817,1
10818,1
10819,1
10820,1
10821,1
10822,1
10823,1
10824,1
10825,1
10826,1
10827,1
10828,1
10829,1
10830,0
10831,1
10832,1
10833,1
10834,1
10835,1
10836,1
10837,1
10838,1
10839,1
10840,1
10841,1
10842,1
10843,1
10844,1
10845,1
10846,1
10847,0
10848,1
10849,1
10850,1
10851,0
10852,1
10853,1
10854,1
10855,1
10856,1
10857,1
10858,1
10859,0
10860,1
10861,1
10862,1
10863,1
10864,0
10865,1
10866,1
10867,1
10868,1
10869,1
10870,1
10871,1
10872,1
10873,0
10874,1
10875,1
10876,1
10877,1
10878,1
10879,1
10880,0
10881,1
10882,1
10883,1
10884,1
10885,1
10886,1
10887,1
10888,0
10889,0
10890,1
10891,0
10892,1
10893,1
10894,1
10895,1
10896,1
10897,1
10898,1
10899,1
10900,1
10901,1
10902,0
10903,1
10904,1
10905,1
10906,1
10907,1
10908,1
10909,1
10910,0
10911,0
10912,1
10913,1
10914,1
10915,0
10916,1
10917,0
10918,0
10919,1
10920,1
10921,1
10922,1
10923,1
10924,0
10925,0
10926,0
10927,1
10928,1
10929,1
10930,0
10931,1
10932,0
10933,1
10934,1
10935,0
10936,1
10937,0
10938,1
10939,1
10940,1
10941,0
10942,1
10943,1
10944,1
10945,0
10946,1
10947,1
10948,1
10949,0
10950,1
10951,1
10952,0
10953,1
10954,1
10955,0
10956,1
10957,1
10958,1
10959,0
10960,1
10961,0
10962,0
10963,1
10964,0
10965,1
10966,1
10967,0
10968,1
10969,0
10970,0
10971,0
10972,0
10973,0
10974,0
10975,0
10976,0
10977,0
10978,0
10979,1
10980,0
10981,0
10982,0
10983,0
10984,0
10985,0
10986,0
10987,0
10988,0
10989,0
10990,0
10991,0
10992,0
10993,0
10994,0
10995,0
10996,0
10997,0
10998,0
10999,0
11000,0
11001,0
11002,0
11003,0
11004,0
11005,0
11006,0
11007,0
11008,0
11009,0
11010,0
11011,0
11012,0
11013,0
11014,0
11015,0
11016,0
11017,0
11018,0
11019,0
11020,0
11021,0
11022,0
11023,0
11024,0
11025,0
11026,0
11027,0
11028,0
11029,0
11030,0
11031,0
11032,0
11033,0
11034,0
11035,0
11036,0
11037,0
11038,0
11039,0
11040,0
11041,0
11042,0
11043,0
11044,0
11045,0
11046,0
11047,0
11048,0
11049,0
11050,0
11051,0
11052,0
11053,0
11054,0
11055,0
11056,0
11057,0
11058,0
11059,0
11060,0
11061,0
11062,0
11063,0
11064,0
11065,0
11066,0
11067,0
11068,0
11069,0
11070,0
11071,0
11072,0
11073,0
11074,0
11075,0
11076,0
11077,0
11078,0
11079,0
11080,0
11081,0
11082,0
11083,0
11084,0
11085,0
11086,0
11087,0
11088,0
11089,0
11090,0
11091,0
11092,0
11093,0
11094,0
11095,0
11096,0
11097,0
11098,0
11099,0
11100,0
11101,0
11102,0
11103,0
11104,0
11105,0
11106,0
11107,0
11108,0
11109,0
11110,0
11111,0
11112,0
11113,0
11114,0
11115,0
11116,0
11117,0
11118,0
11119,0
11120,0
11121,0
11122,0
11123,0
11124,0
11125,0
11126,0
11127,0
11128,0
11129,0
11130,0
11131,0
11132,0
11133,0
11134,0
11135,0
11136,0
11137,0
11138,0
11139,0
11140,0
11141,0
11142,0
11143,0
11144,0
11145,0
11146,0
11147,0
11148,0
11149,0
11150,0
11151,0
11152,0
11153,0
11154,0
11155,0
11156,0
11157,0
11158,0
11159,0
11160,0
11161,0
11162,0
11163,0
11164,0
11165,0
11166,0
11167,0
11168,0
11169,0
11170,0
11171,0
11172,0
11173,0
11174,0
11175,0
11176,0
11177,0
11178,0
11179,0
11180,0
11181,0
11182,0
11183,0
11184,0
11185,0
11186,0
11187,0
11188,0
11189,0
11190,0
11191,0
11192,0
11193,0
11194,0
11195,0
11196,0
11197,0
11198,0
11199,0
11200,0
11201,0
11202,0
11203,0
11204,0
11205,0
11206,0
11207,0
11208,0
11209,0
11210,0
11211,0
11212,0
11213,0
11214,0
11215,0
11216,0
11217,0
11218,1
11219,0
11220,0
11221,0
11222,1
11223,1
11224,0
11225,0
11226,1
11227,0
11228,1
11229,0
11230,0
11231,1
11232,1
11233,1
11234,1
11235,0
11236,1
11237,1
11238,0
11239,0
11240,0
11241,1
11242,0
11243,0
11244,1
11245,0
11246,1
11247,0
11248,1
11249,1
11250,1
11251,0
11252,0
11253,1
11254,1
11255,1
11256,0
11257,0
11258,1
11259,0
11260,1
11261,0
11262,1
11263,0
11264,1
11265,1
11266,1
11267,1
11268,0
11269,1
11270,0
11271,1
11272,1
11273,1
11274,1
11275,1
11276,0
11277,0
11278,1
11279,0
11280,1
11281,1
11282,1
11283,1
11284,1
11285,0
11286,0
11287,0
11288,0
11289,1
11290,1
11291,0
11292,1
11293,0
11294,0
11295,1
11296,0
11297,1
11298,1
11299,0
11300,0
11301,1
11302,1
11303,1
11304,1
11305,1
11306,1
11307,1
11308,0
11309,0
11310,1
11311,0
11312,1
11313,0
11314,1
11315,1
11316,0
11317,1
11318,1
11319,0
11320,0
11321,1
11322,1
11323,1
11324,1
11325,1
11326,1
11327,1
11328,1
11329,1
11330,0
11331,1
11332,1
11333,0
11334,1
11335,1
11336,1
11337,0
11338,1
11339,1
11340,0
11341,0
11342,1
11343,0
11344,1
11345,1
11346,1
11347,1
11348,1
11349,1
11350,1
11351,1
11352,1
11353,1
11354,1
11355,1
11356,0
11357,1
11358,0
11359,1
11360,1
11361,1
11362,1
11363,1
11364,1
11365,1
11366,1
11367,0
11368,1
11369,0
11370,0
11371,1
11372,1
11373,1
11374,1
11375,1
11376,0
11377,1
11378,1
11379,1
11380,0
11381,1
11382,1
11383,1
11384,1
11385,1
11386,1
11387,1
11388,1
11389,0
11390,1
11391,1
11392,1
11393,1
11394,1
11395,1
11396,0
11397,1
11398,1
11399,1
11400,1
11401,1
11402,1
11403,1
11404,0
11405,1
11406,1
11407,1
11408,1
11409,1
11410,1
11411,1
11412,1
11413,1
11414,1
11415,1
11416,1
11417,1
11418,1
11419,0
11420,1
11421,1
11422,1
11423,1
11424,1
11425,0
11426,1
11427,1
11428,1
11429,1
11430,1
11431,1
11432,0
11433,1
11434,1
11435,1
11436,1
11437,1
11438,1
11439,1
11440,1
11441,1
11442,1
11443,1
11444,1
11445,1
11446,1
11447,1
11448,1
11449,1
11450,1
11451,1
11452,1
11453,1
11454,1
11455,1
11456,1
11457,0
11458,1
11459,1
11460,1
11461,1
11462,1
11463,1
11464,1
11465,1
11466,1
11467,1
11468,1
11469,1
11470,1
11471,1
11472,1
11473,1
11474,1
11475,1
11476,1
11477,1
11478,1
11479,1
11480,1
11481,0
11482,1
11483,0
11484,1
11485,1
11486,1
11487,1
11488,1
11489,1
11490,0
11491,1
11492,1
11493,1
11494,1
11495,0
11496,1
11497,1
11498,1
11499,1
11500,0
11501,1
11502,1
11503,0
11504,1
11505,1
11506,1
11507,1
11508,1
11509,1
11510,0
11511,1
11512,1
11513,1
11514,1
11515,1
11516,1
11517,1
11518,1
11519,1
11520,1
11521,1
11522,1
11523,0
11524,1
11525,0
11526,1
11527,1
11528,1
11529,1
11530,1
11531,1
11532,1
11533,1
11534,1
11535,1
11536,1
11537,0
11538,1
11539,1
11540,1
11541,1
11542,0
11543,1
11544,1
11545,1
11546,1
11547,1
11548,1
11549,1
11550,0
11551,1
11552,1
11553,1
11554,1
11555,1
11556,0
11557,1
11558,1
11559,0
11560,1
11561,1
11562,1
11563,1
11564,0
11565,1
11566,1
11567,1
11568,1
11569,1
11570,0
11571,1
11572,0
11573,1
11574,0
11575,1
11576,0
11577,1
11578,1
11579,1
11580,1
11581,1
11582,1
11583,0
11584,1
11585,1
11586,1
11587,1
11588,1
11589,1
11590,1
11591,1
11592,0
11593,1
11594,1
11595,0
11596,1
11597,1
11598,1
11599,0
11600,0
11601,1
11602,1
11603,0
11604,1
11605,1
11606,1
11607,1
11608,1
11609,1
11610,1
11611,1
11612,1
11613,0
11614,1
11615,0
11616,0
11617,1
11618,1
11619,0
11620,0
11621,1
11622,0
11623,1
11624,0
11625,0
11626,0
11627,1
11628,1
11629,1
11630,1
11631,0
11632,0
11633,0
11634,0
11635,0
11636,0
11637,0
11638,0
11639,0
11640,0
11641,0
11642,0
11643,0
11644,0
11645,0
11646,0
11647,0
11648,0
11649,0
11650,0
11651,0
11652,0
11653,0
11654,0
11655,0
11656,0
11657,0
11658,0
11659,0
11660,0
11661,0
11662,0
11663,0
11664,0
11665,0
11666,0
11667,0
11668,0
11669,0
11670,0
11671,0
11672,0
11673,0
11674,0
11675,0
11676,0
11677,0
11678,0
11679,0
11680,0
11681,0
11682,0
11683,0
11684,0
11685,0
11686,0
11687,0
11688,0
11689,0
11690,0
11691,0
11692,0
11693,0
11694,0
11695,0
11696,0
11697,0
11698,0
11699,0
11700,0
11701,0
11702,0
11703,0
11704,0
11705,0
11706,0
11707,0
11708,0
11709,0
11710,0
11711,0
11712,0
11713,0
11714,0
11715,0
11716,0
11717,0
11718,0
11719,0
11720,0
11721,0
11722,0
11723,0
11724,0
11725,0
11726,0
11727,0
11728,0
11729,0
11730,0
11731,0
11732,0
11733,0
11734,0
11735,0
11736,0
11737,0
11738,0
11739,0
11740,0
11741,0
11742,0
11743,0
11744,0
11745,0
11746,0
11747,0
11748,0
11749,0
11750,0
11751,0
11752,0
11753,0
11754,0
11755,0
11756,0
11757,0
11758,0
11759,0
11760,0
11761,0
11762,0
11763,0
11764,0
11765,0
11766,0
11767,0
11768,0
11769,0
11770,0
11771,0
11772,0
11773,0
11774,0
11775,0
11776,0
11777,0
11778,0
11779,0
11780,0
11781,0
11782,0
11783,0
11784,0
11785,0
11786,0
11787,0
11788,0
11789,0
11790,0
11791,0
11792,0
11793,0
11794,0
11795,0
11796,0
11797,0
11798,0
11799,0
11800,0
11801,0
11802,0
11803,0
11804,0
11805,0
11806,0
11807,0
11808,0
11809,0
11810,0
11811,0
11812,0
11813,0
11814,0
11815,0
11816,0
11817,0
11818,0
11819,0
11820,0
11821,0
11822,0
11823,0
11824,0
11825,0
11826,0
11827,0
11828,0
11829,0
11830,0
11831,0
11832,0
11833,0
11834,0
11835,0
11836,0
11837,0
11838,0
11839,0
11840,0
11841,0
11842,0
11843,0
11844,0
11845,0
11846,0
11847,0
11848,0
11849,0
11850,0
11851,1
11852,0
11853,0
11854,0
11855,0
11856,1
11857,0
11858,0
11859,0
11860,0
11861,0
11862,0
11863,1
11864,0
11865,1
11866,1
11867,0
11868,0
11869,0
11870,0
11871,0
11872,0
11873,1
11874,1
11875,1
11876,0
11877,0
11878,0
11879,1
11880,0
11881,0
11882,0
11883,0
11884,1
11885,0
11886,0
11887,1
11888,0
11889,0
11890,1
11891,1
11892,1
11893,1
11894,1
11895,1
11896,1
11897,0
11898,1
11899,1
11900,1
11901,1
11902,1
11903,1
11904,1
11905,0
11906,1
11907,0
11908,1
11909,0
11910,1
11911,0
11912,1
11913,1
11914,1
11915,0
11916,0
11917,1
11918,0
11919,1
11920,1
11921,1
11922,1
11923,0
11924,0
11925,0
11926,0
11927,1
11928,1
11929,1
11930,0
11931,1
11932,1
11933,1
11934,1
11935,1
11936,1
11937,1
11938,1
11939,1
11940,0
11941,0
11942,0
11943,1
11944,0
11945,1
11946,1
11947,1
11948,0
11949,1
11950,1
11951,0
11952,1
11953,1
11954,1
11955,0
11956,1
11957,0
11958,1
11959,1
11960,1
11961,1
11962,1
11963,1
11964,1
11965,1
11966,0
11967,1
11968,1
11969,1
11970,1
11971,1
11972,1
11973,1
11974,1
11975,0
11976,1
11977,1
11978,0
11979,1
11980,1
11981,0
11982,1
11983,1
11984,0
11985,1
11986,1
11987,1
11988,0
11989,1
11990,1
11991,1
11992,1
11993,0
11994,1
11995,1
11996,0
11997,1
11998,1
11999,1
12000,1
12001,1
12002,0
12003,1
12004,1
12005,1
12006,1
12007,1
12008,1
12009,1
12010,1
12011,1
12012,1
12013,1
12014,1
12015,1
12016,1
12017,1
12018,1
12019,0
12020,1
12021,1
12022,1
12023,0
12024,1
12025,1
12026,1
12027,1
12028,0
12029,1
12030,1
12031,1
12032,0
12033,1
12034,1
12035,0
12036,0
12037,1
12038,1
12039,1
12040,1
12041,1
12042,1
12043,1
12044,1
12045,1
12046,1
12047,1
12048,1
12049,1
12050,1
12051,1
12052,1
12053,1
12054,1
12055,1
12056,1
12057,1
12058,1
12059,1
12060,1
12061,1
12062,1
12063,1
12064,1
12065,1
12066,1
12067,1
12068,0
12069,1
12070,1
12071,1
12072,1
12073,0
12074,1
12075,0
12076,1
12077,1
12078,1
12079,1
12080,1
12081,1
12082,1
12083,1
12084,1
12085,1
12086,1
12087,1
12088,1
12089,1
12090,1
12091,1
12092,1
12093,1
12094,1
12095,1
12096,1
12097,1
12098,1
12099,1
12100,1
12101,1
12102,1
12103,1
12104,1
12105,0
12106,1
12107,0
12108,1
12109,1
12110,0
12111,1
12112,1
12113,1
12114,1
12115,1
12116,1
12117,1
12118,1
12119,1
12120,1
12121,1
12122,1
12123,1
12124,1
12125,1
12126,1
12127,1
12128,1
12129,1
12130,1
12131,1
12132,1
12133,1
12134,1
12135,1
12136,1
12137,1
12138,1
12139,1
12140,1
12141,1
12142,1
12143,1
12144,1
12145,1
12146,1
12147,1
12148,1
12149,1
12150,1
12151,1
12152,1
12153,1
12154,1
12155,1
12156,1
12157,1
12158,1
12159,1
12160,1
12161,1
12162,1
12163,1
12164,1
12165,1
12166,1
12167,1
12168,1
12169,1
12170,1
12171,1
12172,1
12173,1
12174,1
12175,1
12176,1
12177,1
12178,1
12179,1
12180,1
12181,1
12182,1
12183,0
12184,1
12185,1
12186,1
12187,1
12188,1
12189,1
12190,1
12191,1
12192,1
12193,0
12194,1
12195,1
12196,1
12197,0
12198,1
12199,1
12200,1
12201,1
12202,1
12203,1
12204,1
12205,1
12206,1
12207,0
12208,1
12209,1
12210,0
12211,1
12212,1
12213,1
12214,1
12215,1
12216,1
12217,1
12218,1
12219,1
12220,1
12221,0
12222,1
12223,1
12224,1
12225,1
12226,1
12227,1
12228,1
12229,1
12230,1
12231,1
12232,1
12233,1
12234,1
12235,1
12236,1
12237,1
12238,1
12239,1
12240,1
12241,0
12242,1
12243,1
12244,1
12245,1
12246,1
12247,1
12248,0
12249,1
12250,1
12251,1
12252,0
12253,1
12254,0
12255,1
12256,1
12257,1
12258,1
12259,1
12260,1
12261,0
12262,1
12263,1
12264,0
12265,1
12266,1
12267,0
12268,1
12269,1
12270,1
12271,0
12272,1
12273,0
12274,0
12275,0
12276,1
12277,1
12278,1
12279,1
12280,0
12281,1
12282,1
12283,1
12284,1
12285,0
12286,0
12287,1
12288,0
12289,0
12290,0
12291,0
12292,1
12293,0
12294,0
12295,1
12296,1
12297,0
12298,0
12299,0
12300,0
12301,0
12302,0
12303,0
12304,0
12305,0
12306,0
12307,0
12308,0
12309,0
12310,0
12311,0
12312,0
12313,0
12314,0
12315,0
12316,0
12317,0
12318,0
12319,0
12320,0
12321,0
12322,0
12323,0
12324,0
12325,0
12326,0
12327,0
12328,0
12329,0
12330,0
12331,0
12332,0
12333,0
12334,0
12335,0
12336,0
12337,0
12338,0
12339,0
12340,0
12341,0
12342,0
12343,0
12344,0
12345,0
12346,0
12347,0
12348,0
12349,0
12350,0
12351,0
12352,0
12353,0
12354,0
12355,0
12356,0
12357,0
12358,0
12359,0
12360,0
12361,0
12362,0
12363,0
12364,0
12365,0
12366,0
12367,0
12368,0
12369,0
12370,0
12371,0
12372,0
12373,0
12374,0
12375,0
12376,0
12377,0
12378,0
12379,0
12380,0
12381,0
12382,0
12383,0
12384,0
12385,0
12386,0
12387,0
12388,0
12389,0
12390,0
12391,0
12392,0
12393,0
12394,0
12395,0
12396,0
12397,0
12398,0
12399,0
12400,0
12401,0
12402,0
12403,0
12404,0
12405,0
12406,0
12407,0
12408,0
12409,0
12410,0
12411,0
12412,0
12413,0
12414,0
12415,0
12416,0
12417,0
12418,0
12419,0
12420,0
12421,0
12422,0
12423,0
12424,0
12425,0
12426,0
12427,0
12428,0
12429,0
12430,0
12431,0
12432,0
12433,0
12434,0
12435,0
12436,0
12437,0
12438,0
12439,0
12440,0
12441,0
12442,0
12443,0
12444,0
12445,0
12446,0
12447,0
12448,0
12449,0
12450,0
12451,0
12452,0
12453,0
12454,0
12455,0
12456,0
12457,0
12458,0
12459,0
12460,0
12461,0
12462,0
12463,0
12464,0
12465,0
12466,0
12467,0
12468,0
12469,0
12470,0
12471,0
12472,0
12473,0
12474,0
12475,0
12476,0
12477,0
12478,0
12479,0
12480,0
12481,0
12482,0
12483,0
12484,0
12485,0
12486,0
12487,0
12488,0
12489,0
12490,0
12491,0
12492,0
12493,0
12494,0
12495,0
12496,0
12497,0
12498,0
12499,0
12500,0
12501,0
12502,0
12503,0
12504,0
12505,0
12506,0
12507,0
12508,0
12509,0
12510,0
12511,0
12512,0
12513,0
12514,0
12515,0
12516,0
12517,0
12518,0
12519,0
12520,0
12521,0
12522,0
12523,0
12524,0
12525,0
12526,0
12527,0
12528,0
12529,0
12530,0
12531,0
12532,0
12533,0
12534,0
12535,0
12536,0
12537,0
12538,0
12539,0
12540,0
12541,0
12542,1
12543,1
12544,0
12545,0
12546,0
12547,0
12548,0
12549,0
12550,1
12551,0
12552,0
12553,0
12554,0
12555,0
12556,1
12557,0
12558,1
12559,1
12560,1
12561,0
12562,1
12563,1
12564,0
12565,1
12566,1
12567,1
12568,1
12569,0
12570,1
12571,1
12572,0
12573,0
12574,0
12575,1
12576,0
12577,1
12578,1
12579,0
12580,1
12581,0
12582,1
12583,0
12584,1
12585,0
12586,1
12587,0
12588,1
12589,1
12590,1
12591,0
12592,0
12593,1
12594,1
12595,0
12596,1
12597,1
12598,1
12599,1
12600,1
12601,0
12602,0
12603,1
12604,1
12605,1
12606,1
12607,0
12608,1
12609,1
12610,1
12611,0
12612,1
12613,1
12614,0
12615,1
12616,1
12617,1
12618,1
12619,1
12620,1
12621,0
12622,1
12623,1
12624,1
12625,1
12626,1
12627,1
12628,0
12629,1
12630,1
12631,0
12632,1
12633,1
12634,1
12635,1
12636,1
12637,1
12638,1
12639,1
12640,0
12641,0
12642,0
12643,1
12644,1
12645,1
12646,1
12647,1
12648,1
12649,1
12650,1
12651,0
12652,1
12653,1
12654,1
12655,1
12656,1
12657,1
12658,1
12659,1
12660,1
12661,1
12662,0
12663,1
12664,1
12665,1
12666,1
12667,1
12668,1
12669,1
12670,1
12671,1
12672,0
12673,1
12674,1
12675,1
12676,1
12677,1
12678,1
12679,0
12680,1
12681,0
12682,1
12683,1
12684,1
12685,1
12686,1
12687,1
12688,0
12689,1
12690,1
12691,0
12692,1
12693,1
12694,1
12695,1
12696,1
12697,1
12698,0
12699,1
12700,1
12701,1
12702,1
12703,0
12704,1
12705,1
12706,1
12707,1
12708,1
12709,1
12710,1
12711,1
12712,1
12713,1
12714,1
12715,1
12716,1
12717,1
12718,1
12719,1
12720,1
12721,1
12722,1
12723,1
12724,1
12725,1
12726,1
12727,1
12728,1
12729,1
12730,1
12731,1
12732,1
12733,1
12734,1
12735,1
12736,1
12737,1
12738,1
12739,1
12740,0
12741,1
12742,1
12743,1
12744,1
12745,1
12746,1
12747,1
12748,1
12749,1
12750,1
12751,0
12752,1
12753,1
12754,1
12755,1
12756,1
12757,1
12758,1
12759,1
12760,1
12761,1
12762,0
12763,1
12764,1
12765,1
12766,1
12767,1
12768,1
12769,1
12770,1
12771,1
12772,0
12773,1
12774,1
12775,1
12776,1
12777,1
12778,1
12779,1
12780,1
12781,1
12782,1
12783,1
12784,1
12785,1
12786,1
12787,1
12788,1
12789,1
12790,0
12791,1
12792,1
12793,1
12794,1
12795,0
12796,1
12797,1
12798,1
12799,0
12800,1
12801,1
12802,1
12803,1
12804,1
12805,1
12806,1
12807,1
12808,1
12809,1
12810,1
12811,1
12812,1
12813,1
12814,1
12815,0
12816,1
12817,1
12818,1
12819,1
12820,1
12821,1
12822,1
12823,1
12824,1
12825,1
12826,1
12827,1
12828,1
12829,0
12830,1
12831,1
12832,1
12833,1
12834,1
12835,1
12836,1
12837,1
12838,1
12839,1
12840,0
12841,1
12842,1
12843,1
12844,1
12845,1
12846,1
12847,1
12848,1
12849,0
12850,1
12851,0
12852,1
12853,1
12854,1
12855,0
12856,0
12857,0
12858,1
12859,1
12860,0
12861,0
12862,1
12863,1
12864,1
12865,1
12866,1
12867,0
12868,1
12869,1
12870,1
12871,1
12872,0
12873,0
12874,0
12875,0
12876,1
12877,0
12878,1
12879,0
12880,1
12881,0
12882,0
12883,0
12884,0
12885,1
12886,0
12887,1
12888,0
12889,1
12890,1
12891,1
12892,0
12893,1
12894,1
12895,0
12896,1
12897,1
12898,1
12899,0
12900,0
12901,0
12902,0
12903,0
12904,0
12905,0
12906,0
12907,0
12908,0
12909,0
12910,0
12911,0
12912,0
12913,0
12914,0
12915,0
12916,0
12917,0
12918,0
12919,0
12920,0
12921,0
12922,0
12923,0
12924,0
12925,0
12926,0
12927,0
12928,0
12929,0
12930,0
12931,0
12932,0
12933,0
12934,0
12935,0
12936,0
12937,0
12938,0
12939,0
12940,0
12941,0
12942,0
12943,0
12944,0
12945,0
12946,0
12947,0
12948,0
12949,0
12950,0
12951,0
12952,0
12953,0
12954,0
12955,0
12956,0
12957,0
12958,0
12959,0
12960,0
12961,0
12962,0
12963,0
12964,0
12965,0
12966,0
12967,0
12968,0
12969,0
12970,0
12971,0
12972,0
12973,0
12974,0
12975,0
12976,0
12977,0
12978,0
12979,0
12980,0
12981,0
12982,0
12983,0
12984,0
12985,0
12986,0
12987,0
12988,0
12989,0
12990,0
12991,0
12992,0
12993,0
12994,0
12995,0
12996,0
12997,0
12998,0
12999,0
13000,0
13001,0
13002,0
13003,0
13004,0
13005,0
13006,0
13007,0
13008,0
13009,0
13010,0
13011,0
13012,0
13013,0
13014,0
13015,0
13016,0
13017,0
13018,0
13019,0
13020,0
13021,0
13022,0
13023,0
13024,0
13025,0
13026,0
13027,0
13028,0
13029,0
13030,0
13031,0
13032,0
13033,0
13034,0
13035,0
13036,0
13037,0
13038,0
13039,0
13040,0
13041,0
13042,0
13043,0
13044,0
13045,0
13046,0
13047,0
13048,0
13049,0
13050,0
13051,0
13052,0
13053,0
13054,0
13055,0
13056,0
13057,0
13058,0
13059,0
13060,0
13061,0
13062,0
13063,0
13064,0
13065,0
13066,0
13067,0
13068,0
13069,0
13070,0
13071,0
13072,0
13073,0
13074,0
13075,0
13076,0
13077,0
13078,0
13079,0
13080,0
13081,0
13082,0
13083,0
13084,0
13085,0
13086,0
13087,0
13088,0
13089,0
13090,0
13091,0
13092,0
13093,0
13094,0
13095,0
13096,0
13097,0
13098,0
13099,1
13100,0
13101,0
13102,0
13103,0
13104,1
13105,1
13106,0
13107,0
13108,0
13109,0
13110,0
13111,1
13112,0
13113,0
13114,0
13115,1
13116,0
13117,0
13118,1
13119,0
13120,1
13121,0
13122,0
13123,1
13124,1
13125,1
13126,0
13127,0
13128,1
13129,1
13130,0
13131,0
13132,1
13133,0
13134,0
13135,1
13136,0
13137,0
13138,1
13139,0
13140,1
13141,1
13142,0
13143,1
13144,0
13145,1
13146,1
13147,1
13148,1
13149,0
13150,0
13151,1
13152,1
13153,1
13154,0
13155,1
13156,0
13157,0
13158,1
13159,0
13160,0
13161,1
13162,0
13163,1
13164,1
13165,1
13166,1
13167,1
13168,0
13169,1
13170,0
13171,0
13172,1
13173,0
13174,1
13175,0
13176,0
13177,1
13178,1
13179,1
13180,1
13181,0
13182,0
13183,0
13184,1
13185,0
13186,1
13187,1
13188,0
13189,0
13190,1
13191,1
13192,1
13193,1
13194,1
13195,1
13196,1
13197,1
13198,0
13199,0
13200,1
13201,1
13202,0
13203,1
13204,1
13205,0
13206,0
13207,1
13208,1
13209,1
13210,1
13211,1
13212,1
13213,1
13214,1
13215,0
13216,0
13217,1
13218,1
13219,1
13220,1
13221,1
13222,0
13223,1
13224,0
13225,1
13226,1
13227,1
13228,0
13229,1
13230,1
13231,1
13232,0
13233,1
13234,1
13235,0
13236,0
13237,1
13238,0
13239,0
13240,0
13241,1
13242,1
13243,1
13244,1
13245,1
13246,1
13247,1
13248,1
13249,1
13250,1
13251,0
13252,1
13253,1
13254,0
13255,1
13256,1
13257,1
13258,1
13259,1
13260,1
13261,0
13262,1
13263,1
13264,0
13265,1
13266,1
13267,1
13268,1
13269,1
13270,1
13271,1
13272,1
13273,1
13274,1
13275,0
13276,1
13277,0
13278,1
13279,1
13280,1
13281,1
13282,1
13283,1
13284,0
13285,1
13286,1
13287,1
13288,1
13289,0
13290,1
13291,1
13292,1
13293,1
13294,1
13295,1
13296,1
13297,0
13298,1
13299,1
13300,1
13301,1
13302,1
13303,1
13304,1
13305,1
13306,1
13307,1
13308,1
13309,1
13310,1
13311,1
13312,1
13313,1
13314,1
13315,1
13316,1
13317,1
13318,1
13319,1
13320,1
13321,1
13322,1
13323,1
13324,1
13325,1
13326,0
13327,1
13328,1
13329,1
13330,1
13331,1
13332,1
13333,1
13334,1
13335,1
13336,1
13337,0
13338,0
13339,1
13340,1
13341,0
13342,1
13343,1
13344,1
13345,1
13346,1
13347,1
13348,1
13349,1
13350,1
13351,1
13352,1
13353,1
13354,1
13355,1
13356,1
13357,1
13358,1
13359,1
13360,1
13361,1
13362,1
13363,1
13364,1
13365,1
13366,1
13367,1
13368,1
13369,1
13370,1
13371,1
13372,1
13373,1
13374,1
13375,1
13376,0
13377,1
13378,1
13379,1
13380,1
13381,1
13382,1
13383,0
13384,1
13385,1
13386,1
13387,0
13388,1
13389,0
13390,1
13391,1
13392,0
13393,1
13394,1
13395,1
13396,1
13397,1
13398,1
13399,0
13400,1
13401,0
13402,0
13403,0
13404,1
13405,1
13406,1
13407,1
13408,1
13409,1
13410,1
13411,0
13412,1
13413,1
13414,1
13415,1
13416,1
13417,1
13418,1
13419,1
13420,1
13421,1
13422,1
13423,1
13424,1
13425,1
13426,0
13427,1
13428,1
13429,1
13430,1
13431,1
13432,1
13433,1
13434,1
13435,0
13436,1
13437,1
13438,1
13439,1
13440,0
13441,1
13442,1
13443,1
13444,1
13445,1
13446,1
13447,1
13448,1
13449,1
13450,1
13451,1
13452,1
13453,1
13454,1
13455,1
13456,1
13457,1
13458,0
13459,1
13460,1
13461,1
13462,1
13463,1
13464,1
13465,1
13466,1
13467,0
13468,1
13469,1
13470,1
13471,1
13472,1
13473,1
13474,1
13475,1
13476,1
13477,1
13478,1
13479,0
13480,1
13481,1
13482,0
13483,1
13484,1
13485,1
13486,0
13487,0
13488,1
13489,1
13490,1
13491,1
13492,1
13493,1
13494,1
13495,1
13496,1
13497,1
13498,1
13499,1
13500,0
13501,0
13502,1
13503,1
13504,1
13505,1
13506,1
13507,1
13508,0
13509,1
13510,1
13511,1
13512,1
13513,1
13514,1
13515,0
13516,1
13517,1
13518,0
13519,1
13520,1
13521,1
13522,0
13523,0
13524,1
13525,1
13526,1
13527,0
13528,1
13529,1
13530,1
13531,0
13532,0
13533,0
13534,0
13535,1
13536,0
13537,1
13538,1
13539,0
13540,0
13541,0
13542,0
13543,0
13544,0
13545,0
13546,0
13547,0
13548,0
13549,0
13550,0
13551,0
13552,0
13553,0
13554,0
13555,0
13556,0
13557,0
13558,0
13559,0
13560,0
13561,0
13562,0
13563,0
13564,0
13565,0
13566,0
13567,0
13568,0
13569,0
13570,0
13571,0
13572,0
13573,0
13574,0
13575,0
13576,0
13577,0
13578,0
13579,0
13580,0
13581,0
13582,0
13583,0
13584,0
13585,0
13586,0
13587,0
13588,0
13589,0
13590,0
13591,0
13592,0
13593,0
13594,0
13595,0
13596,0
13597,0
13598,0
13599,0
13600,0
13601,0
13602,0
13603,0
13604,0
13605,0
13606,0
13607,0
13608,0
13609,0
13610,0
13611,0
13612,0
13613,0
13614,0
13615,0
13616,0
13617,0
13618,0
13619,0
13620,0
13621,0
13622,0
13623,0
13624,0
13625,0
13626,0
13627,0
13628,0
13629,0
13630,0
13631,0
13632,0
13633,0
13634,0
13635,0
13636,0
13637,0
13638,0
13639,0
13640,0
13641,0
13642,0
13643,0
13644,0
13645,0
13646,0
13647,0
13648,0
13649,0
13650,0
13651,0
13652,0
13653,0
13654,0
13655,0
13656,0
13657,0
13658,0
13659,0
13660,0
13661,0
13662,0
13663,0
13664,0
13665,0
13666,0
13667,0
13668,0
13669,0
13670,0
13671,0
13672,0
13673,0
13674,0
13675,0
13676,0
13677,0
13678,0
13679,0
13680,0
13681,0
13682,0
13683,0
13684,0
13685,0
13686,0
13687,0
13688,0
13689,0
13690,0
13691,0
13692,0
13693,0
13694,0
13695,0
13696,0
13697,0
13698,0
13699,0
13700,0
13701,0
13702,0
13703,0
13704,0
13705,0
13706,0
13707,0
13708,0
13709,0
13710,0
13711,0
13712,0
13713,0
13714,0
13715,0
13716,0
13717,0
13718,0
13719,0
13720,0
13721,0
13722,0
13723,0
13724,0
13725,0
13726,0
13727,0
13728,0
13729,0
13730,0
13731,0
13732,0
13733,0
13734,0
13735,0
13736,0
13737,0
13738,0
13739,0
13740,0
13741,0
13742,0
13743,0
13744,0
13745,0
13746,0
13747,0
13748,0
13749,0
13750,0
13751,0
13752,0
13753,0
13754,0
13755,0
13756,0
13757,0
13758,0
13759,0
13760,0
13761,0
13762,0
13763,0
13764,0
13765,0
13766,1
13767,0
13768,0
13769,0
13770,1
13771,0
13772,0
13773,0
13774,1
13775,0
13776,1
13777,0
13778,1
13779,0
13780,1
13781,1
13782,0
13783,0
13784,0
13785,0
13786,1
13787,1
13788,1
13789,0
13790,1
13791,1
13792,0
13793,0
13794,0
13795,0
13796,1
13797,1
13798,1
13799,0
13800,1
13801,1
13802,1
13803,1
13804,1
13805,0
13806,1
13807,0
13808,1
13809,0
13810,1
13811,0
13812,1
13813,0
13814,1
13815,0
13816,0
13817,1
13818,1
13819,0
13820,0
13821,1
13822,1
13823,1
13824,0
13825,1
13826,0
13827,1
13828,1
13829,1
13830,1
13831,0
13832,0
13833,0
13834,1
13835,0
13836,1
13837,0
13838,1
13839,1
13840,1
13841,1
13842,1
13843,0
13844,1
13845,1
13846,1
13847,1
13848,0
13849,1
13850,1
13851,1
13852,1
13853,1
13854,1
13855,1
13856,1
13857,0
13858,0
13859,1
13860,0
13861,0
13862,1
13863,1
13864,1
13865,1
13866,0
13867,1
13868,1
13869,1
13870,1
13871,1
13872,0
13873,1
13874,1
13875,1
13876,1
13877,1
13878,1
13879,1
13880,1
13881,1
13882,1
13883,1
13884,1
13885,1
13886,1
13887,1
13888,1
13889,1
13890,1
13891,0
13892,1
13893,1
13894,1
13895,1
13896,1
13897,0
13898,1
13899,1
13900,1
13901,1
13902,1
13903,1
13904,1
13905,1
13906,1
13907,1
13908,1
13909,1
13910,1
13911,1
13912,1
13913,1
13914,0
13915,1
13916,0
13917,1
13918,0
13919,1
13920,1
13921,1
13922,1
13923,1
13924,1
13925,1
13926,1
13927,1
13928,1
13929,1
13930,1
13931,1
13932,1
13933,0
13934,1
13935,1
13936,0
13937,1
13938,1
13939,0
13940,1
13941,1
13942,1
13943,1
13944,0
13945,1
13946,1
13947,1
13948,1
13949,1
13950,1
13951,1
13952,1
13953,1
13954,0
13955,1
13956,1
13957,1
13958,1
13959,1
13960,1
13961,1
13962,1
13963,1
13964,0
13965,1
13966,1
13967,1
13968,1
13969,1
13970,1
13971,1
13972,1
13973,1
13974,1
13975,1
13976,1
13977,1
13978,1
13979,1
13980,1
13981,1
13982,1
13983,1
13984,1
13985,1
13986,1
13987,1
13988,1
13989,1
13990,1
13991,1
13992,1
13993,1
13994,1
13995,1
13996,1
13997,1
13998,1
13999,1
14000,1
14001,1
14002,0
14003,1
14004,1
14005,1
14006,1
14007,1
14008,1
14009,1
14010,0
14011,1
14012,0
14013,1
14014,0
14015,1
14016,1
14017,1
14018,0
14019,1
14020,1
14021,1
14022,1
14023,1
14024,1
14025,1
14026,1
14027,1
14028,1
14029,1
14030,1
14031,0
14032,1
14033,0
14034,1
14035,1
14036,1
14037,1
14038,1
14039,1
14040,1
14041,1
14042,1
14043,1
14044,1
14045,1
14046,1
14047,1
14048,1
14049,1
14050,1
14051,1
14052,1
14053,1
14054,1
14055,1
14056,1
14057,1
14058,1
14059,1
14060,1
14061,1
14062,1
14063,1
14064,1
14065,1
14066,1
14067,1
14068,1
14069,1
14070,0
14071,1
14072,1
14073,1
14074,1
14075,1
14076,1
14077,1
14078,1
14079,0
14080,1
14081,1
14082,1
14083,1
14084,1
14085,1
14086,0
14087,1
14088,1
14089,1
14090,1
14091,0
14092,0
14093,1
14094,1
14095,1
14096,1
14097,0
14098,1
14099,0
14100,1
14101,0
14102,1
14103,1
14104,1
14105,0
14106,1
14107,1
14108,1
14109,1
14110,1
14111,1
14112,1
14113,0
14114,0
14115,0
14116,1
14117,1
14118,1
14119,0
14120,0
14121,0
14122,1
14123,1
14124,1
14125,1
14126,1
14127,1
14128,1
14129,0
14130,1
14131,1
14132,1
14133,1
14134,0
14135,1
14136,1
14137,0
14138,1
14139,1
14140,1
14141,1
14142,1
14143,0
14144,0
14145,0
14146,0
14147,0
14148,0
14149,1
14150,0
14151,0
14152,0
14153,1
14154,1
14155,1
14156,0
14157,0
14158,1
14159,1
14160,1
14161,1
14162,0
14163,0
14164,0
14165,0
14166,1
14167,1
14168,0
14169,1
14170,1
14171,0
14172,0
14173,0
14174,0
14175,0
14176,0
14177,0
14178,0
14179,0
14180,0
14181,0
14182,0
14183,0
14184,0
14185,0
14186,0
14187,0
14188,0
14189,0
14190,0
14191,0
14192,0
14193,0
14194,0
14195,0
14196,0
14197,0
14198,0
14199,0
14200,0
14201,0
14202,0
14203,0
14204,0
14205,0
14206,0
14207,0
14208,0
14209,0
14210,0
14211,0
14212,0
14213,0
14214,0
14215,0
14216,0
14217,0
14218,0
14219,0
14220,0
14221,0
14222,0
14223,0
14224,0
14225,0
14226,0
14227,0
14228,0
14229,0
14230,0
14231,0
14232,0
14233,0
14234,0
14235,0
14236,0
14237,0
14238,0
14239,0
14240,0
14241,0
14242,0
14243,0
14244,0
14245,0
14246,0
14247,0
14248,0
14249,0
14250,0
14251,0
14252,0
14253,0
14254,0
14255,0
14256,0
14257,0
14258,0
14259,0
14260,0
14261,0
14262,0
14263,0
14264,0
14265,0
14266,0
14267,0
14268,0
14269,0
14270,0
14271,0
14272,0
14273,0
14274,0
14275,0
14276,0
14277,0
14278,0
14279,0
14280,0
14281,0
14282,0
14283,0
14284,0
14285,0
14286,0
14287,0
14288,0
14289,0
14290,0
14291,0
14292,0
14293,0
14294,0
14295,0
14296,0
14297,0
14298,0
14299,0
14300,0
14301,0
14302,0
14303,0
14304,0
14305,0
14306,0
14307,0
14308,0
14309,0
14310,0
14311,0
14312,0
14313,0
14314,0
14315,0
14316,0
14317,0
14318,0
14319,0
14320,0
14321,0
14322,0
14323,0
14324,0
14325,0
14326,0
14327,0
14328,0
14329,0
14330,0
14331,0
14332,0
14333,0
14334,0
14335,0
14336,0
14337,0
14338,0
14339,0
14340,0
14341,0
14342,0
14343,0
14344,0
14345,0
14346,0
14347,0
14348,0
14349,0
14350,0
14351,0
14352,0
14353,0
14354,0
14355,0
14356,0
14357,0
14358,0
14359,0
14360,0
14361,0
14362,0
14363,0
14364,0
14365,0
14366,0
14367,0
14368,0
14369,0
14370,0
14371,0
14372,0
14373,0
14374,0
14375,0
14376,0
14377,0
14378,0
14379,0
14380,0
14381,0
14382,0
14383,0
14384,0
14385,0
14386,0
14387,0
14388,0
14389,1
14390,0
14391,0
14392,0
14393,0
14394,0
14395,0
14396,0
14397,0
14398,0
14399,0
14400,0
14401,1
14402,0
14403,1
14404,0
14405,1
14406,0
14407,1
14408,0
14409,0
14410,0
14411,1
14412,0
14413,0
14414,0
14415,0
14416,1
14417,0
14418,1
14419,1
14420,1
14421,0
14422,0
14423,1
14424,0
14425,0
14426,0
14427,1
14428,0
14429,0
14430,0
14431,0
14432,1
14433,0
14434,0
14435,1
14436,1
14437,0
14438,0
14439,0
14440,1
14441,1
14442,1
14443,0
14444,1
14445,0
14446,0
14447,1
14448,1
14449,1
14450,1
14451,1
14452,1
14453,1
14454,1
14455,0
14456,1
14457,0
14458,1
14459,1
14460,1
14461,1
14462,1
14463,0
14464,1
14465,1
14466,1
14467,1
14468,1
14469,1
14470,1
14471,1
14472,1
14473,1
14474,0
14475,0
14476,0
14477,1
14478,1
14479,1
14480,1
14481,1
14482,0
14483,1
14484,0
14485,1
14486,1
14487,1
14488,1
14489,1
14490,1
14491,1
14492,1
14493,1
14494,1
14495,0
14496,1
14497,1
14498,1
14499,0
14500,1
14501,1
14502,1
14503,1
14504,1
14505,0
14506,0
14507,1
14508,1
14509,1
14510,1
14511,0
14512,1
14513,0
14514,1
14515,1
14516,1
14517,0
14518,0
14519,0
14520,1
14521,1
14522,1
14523,1
14524,1
14525,1
14526,1
14527,0
14528,1
14529,1
14530,1
14531,1
14532,1
14533,1
14534,1
14535,0
14536,1
14537,0
14538,1
14539,1
14540,1
14541,1
14542,1
14543,1
14544,1
14545,1
14546,1
14547,1
14548,1
14549,1
14550,1
14551,1
14552,0
14553,1
14554,1
14555,1
14556,1
14557,1
14558,1
14559,1
14560,1
14561,1
14562,1
14563,1
14564,1
14565,1
14566,1
14567,1
14568,1
14569,1
14570,1
14571,1
14572,1
14573,1
14574,1
14575,0
14576,1
14577,1
14578,1
14579,1
14580,0
14581,1
14582,0
14583,1
14584,1
14585,1
14586,1
14587,1
14588,1
14589,1
14590,1
14591,1
14592,1
14593,1
14594,1
14595,1
14596,1
14597,1
14598,1
14599,1
14600,1
14601,1
14602,1
14603,1
14604,1
14605,1
14606,1
14607,1
14608,1
14609,1
14610,1
14611,1
14612,1
14613,1
14614,1
14615,1
14616,1
14617,1
14618,1
14619,1
14620,1
14621,1
14622,1
14623,1
14624,1
14625,1
14626,1
14627,1
14628,1
14629,1
14630,1
14631,1
14632,1
14633,1
14634,1
14635,1
14636,1
14637,1
14638,1
14639,1
14640,1
14641,1
14642,1
14643,1
14644,1
14645,1
14646,0
14647,1
14648,1
14649,1
14650,1
14651,1
14652,1
14653,0
14654,1
14655,1
14656,1
14657,1
14658,1
14659,1
14660,1
14661,1
14662,1
14663,1
14664,1
14665,1
14666,1
14667,1
14668,1
14669,1
14670,1
14671,1
14672,1
14673,1
14674,1
14675,1
14676,1
14677,1
14678,1
14679,1
14680,1
14681,1
14682,1
14683,1
14684,1
14685,1
14686,1
14687,1
14688,1
14689,1
14690,1
14691,1
14692,1
14693,1
14694,1
14695,1
14696,1
14697,0
14698,1
14699,1
14700,1
14701,1
14702,1
14703,1
14704,1
14705,1
14706,1
14707,1
14708,0
14709,1
14710,1
14711,1
14712,1
14713,1
14714,1
14715,1
14716,1
14717,1
14718,1
14719,1
14720,1
14721,1
14722,1
14723,1
14724,1
14725,1
14726,1
14727,1
14728,1
14729,0
14730,1
14731,1
14732,1
14733,1
14734,1
14735,1
14736,0
14737,0
14738,1
14739,1
14740,1
14741,1
14742,1
14743,1
14744,1
14745,1
14746,1
14747,0
14748,1
14749,1
14750,1
14751,0
14752,0
14753,1
14754,1
14755,1
14756,1
14757,1
14758,1
14759,1
14760,0
14761,1
14762,1
14763,1
14764,1
14765,0
14766,1
14767,1
14768,1
14769,1
14770,1
14771,1
14772,1
14773,1
14774,1
14775,0
14776,1
14777,1
14778,0
14779,1
14780,1
14781,1
14782,0
14783,1
14784,0
14785,1
14786,1
14787,1
14788,1
14789,1
14790,1
14791,1
14792,1
14793,1
14794,1
14795,1
14796,0
14797,1
14798,0
14799,1
14800,1
14801,1
14802,0
14803,1
14804,1
14805,0
14806,0
14807,1
14808,1
14809,1
14810,1
14811,1
14812,1
14813,1
14814,1
14815,1
14816,1
14817,1
14818,1
14819,0
14820,0
14821,1
14822,1
14823,0
14824,1
14825,1
14826,1
14827,1
14828,0
14829,1
14830,1
14831,1
14832,1
14833,1
14834,0
14835,0
14836,0
14837,1
14838,0
14839,0
14840,1
14841,0
14842,1
14843,1
14844,1
14845,0
14846,0
14847,1
14848,1
14849,0
14850,0
14851,0
14852,0
14853,0
14854,0
14855,0
14856,0
14857,0
14858,0
14859,0
14860,0
14861,0
14862,0
14863,0
14864,0
14865,0
14866,0
14867,0
14868,0
14869,0
14870,0
14871,0
14872,0
14873,0
14874,0
14875,0
14876,0
14877,0
14878,0
14879,0
14880,0
14881,0
14882,0
14883,0
14884,0
14885,0
14886,0
14887,0
14888,0
14889,0
14890,0
14891,0
14892,0
14893,0
14894,0
14895,0
14896,0
14897,0
14898,0
14899,0
14900,0
14901,0
14902,0
14903,0
14904,0
14905,0
14906,0
14907,0
14908,0
14909,0
14910,0
14911,0
14912,0
14913,0
14914,0
14915,0
14916,0
14917,0
14918,0
14919,0
14920,0
14921,0
14922,0
14923,0
14924,0
14925,0
14926,0
14927,0
14928,0
14929,0
14930,0
14931,0
14932,0
14933,0
14934,0
14935,0
14936,0
14937,0
14938,0
14939,0
14940,0
14941,0
14942,0
14943,0
14944,0
14945,0
14946,0
14947,0
14948,0
14949,0
14950,0
14951,0
14952,0
14953,0
14954,0
14955,0
14956,0
14957,0
14958,0
14959,0
14960,0
14961,0
14962,0
14963,0
14964,0
14965,0
14966,0
14967,0
14968,0
14969,0
14970,0
14971,0
14972,0
14973,0
14974,0
14975,0
14976,0
14977,0
14978,0
14979,0
14980,0
14981,0
14982,0
14983,0
14984,0
14985,0
14986,0
14987,0
14988,0
14989,0
14990,0
14991,0
14992,0
14993,0
14994,0
14995,0
14996,0
14997,0
14998,0
14999,0
15000,0
15001,0
15002,0
15003,0
15004,0
15005,0
15006,0
15007,0
15008,0
15009,0
15010,0
15011,0
15012,0
15013,0
15014,0
15015,0
15016,0
15017,0
15018,0
15019,0
15020,0
15021,0
15022,0
15023,0
15024,0
15025,0
15026,0
15027,0
15028,0
15029,0
15030,0
15031,0
15032,0
15033,0
15034,0
15035,0
15036,0
15037,0
15038,0
15039,0
15040,0
15041,0
15042,0
15043,0
15044,0
15045,0
15046,0
15047,0
15048,0
15049,0
15050,0
15051,0
15052,0
15053,0
15054,0
15055,0
15056,0
15057,0
15058,0
15059,0
15060,0
15061,0
15062,0
15063,0
15064,0
15065,0
15066,0
15067,0
15068,0
15069,0
15070,0
15071,0
15072,0
15073,0
15074,0
15075,0
15076,0
15077,0
15078,0
15079,0
15080,0
15081,0
15082,0
15083,0
15084,0
15085,0
15086,0
15087,0
15088,0
15089,0
15090,0
15091,0
15092,0
15093,0
15094,0
15095,0
15096,0
15097,0
15098,0
15099,0
15100,0
15101,0
15102,0
15103,0
15104,0
15105,0
15106,0
15107,0
15108,0
15109,0
15110,0
15111,0
15112,0
15113,0
15114,0
15115,0
15116,0
15117,0
15118,0
15119,0
15120,0
15121,0
15122,0
15123,0
15124,0
15125,0
15126,0
15127,0
15128,0
15129,0
15130,0
15131,0
15132,0
15133,0
15134,1
15135,0
15136,0
15137,0
15138,0
15139,0
15140,0
15141,0
15142,1
15143,1
15144,0
15145,1
15146,1
15147,0
15148,0
15149,0
15150,0
15151,0
15152,0
15153,0
15154,0
15155,0
15156,1
15157,1
15158,1
15159,1
15160,0
15161,1
15162,1
15163,0
15164,1
15165,0
15166,1
15167,1
15168,1
15169,0
15170,1
15171,0
15172,1
15173,0
15174,1
15175,1
15176,1
15177,1
15178,1
15179,1
15180,1
15181,1
15182,1
15183,1
15184,1
15185,0
15186,1
15187,0
15188,1
15189,1
15190,0
15191,1
15192,1
15193,1
15194,0
15195,1
15196,1
15197,1
15198,1
15199,0
15200,1
15201,0
15202,1
15203,1
15204,1
15205,1
15206,1
15207,1
15208,1
15209,1
15210,1
15211,1
15212,1
15213,1
15214,1
15215,1
15216,1
15217,1
15218,1
15219,0
15220,0
15221,1
15222,1
15223,1
15224,0
15225,1
15226,0
15227,1
15228,1
15229,1
15230,1
15231,1
15232,1
15233,1
15234,1
15235,1
15236,1
15237,1
15238,1
15239,0
15240,1
15241,1
15242,0
15243,1
15244,1
15245,1
15246,1
15247,1
15248,1
15249,1
15250,1
15251,1
15252,1
15253,0
15254,1
15255,0
15256,1
15257,1
15258,1
15259,1
15260,1
15261,1
15262,1
15263,1
15264,1
15265,1
15266,1
15267,1
15268,1
15269,1
15270,1
15271,1
15272,1
15273,1
15274,0
15275,1
15276,1
15277,1
15278,1
15279,1
15280,1
15281,1
15282,1
15283,1
15284,1
15285,1
15286,1
15287,1
15288,1
15289,1
15290,0
15291,0
15292,1
15293,1
15294,1
15295,1
15296,1
15297,1
15298,1
15299,1
15300,1
15301,1
15302,1
15303,1
15304,1
15305,1
15306,1
15307,1
15308,0
15309,1
15310,1
15311,1
15312,1
15313,1
15314,1
15315,1
15316,1
15317,1
15318,1
15319,1
15320,1
15321,1
15322,1
15323,1
15324,1
15325,1
15326,1
15327,1
15328,1
15329,1
15330,1
15331,1
15332,1
15333,1
15334,1
15335,1
15336,1
15337,1
15338,1
15339,1
15340,1
15341,1
15342,1
15343,1
15344,1
15345,1
15346,1
15347,1
15348,1
15349,1
15350,1
15351,1
15352,1
15353,1
15354,1
15355,1
15356,1
15357,1
15358,1
15359,1
15360,1
15361,1
15362,1
15363,1
15364,1
15365,1
15366,1
15367,1
15368,1
15369,1
15370,1
15371,1
15372,1
15373,1
15374,1
15375,1
15376,1
15377,1
15378,1
15379,1
15380,1
15381,1
15382,1
15383,1
15384,1
15385,1
15386,1
15387,1
15388,1
15389,1
15390,1
15391,1
15392,1
15393,1
15394,1
15395,1
15396,1
15397,1
15398,1
15399,1
15400,1
15401,1
15402,1
15403,1
15404,1
15405,1
15406,1
15407,1
15408,1
15409,1
15410,1
15411,1
15412,1
15413,1
15414,1
15415,1
15416,1
15417,1
15418,1
15419,1
15420,1
15421,1
15422,1
15423,1
15424,1
15425,1
15426,1
15427,1
15428,1
15429,1
15430,1
15431,1
15432,1
15433,1
15434,1
15435,1
15436,1
15437,1
15438,1
15439,1
15440,0
15441,1
15442,1
15443,1
15444,1
15445,0
15446,0
15447,1
15448,1
15449,1
15450,0
15451,1
15452,1
15453,1
15454,1
15455,1
15456,1
15457,1
15458,1
15459,1
15460,1
15461,1
15462,1
15463,1
15464,1
15465,1
15466,1
15467,1
15468,1
15469,1
15470,1
15471,1
15472,1
15473,1
15474,1
15475,1
15476,1
15477,1
15478,1
15479,1
15480,1
15481,1
15482,0
15483,1
15484,1
15485,0
15486,0
15487,1
15488,1
15489,1
15490,1
15491,1
15492,1
15493,0
15494,1
15495,0
15496,1
15497,1
15498,1
15499,1
15500,1
15501,1
15502,1
15503,0
15504,1
15505,1
15506,1
15507,1
15508,0
15509,1
15510,1
15511,0
15512,1
15513,0
15514,1
15515,1
15516,0
15517,1
15518,1
15519,1
15520,1
15521,0
15522,1
15523,1
15524,1
15525,0
15526,1
15527,1
15528,0
15529,0
15530,0
15531,0
15532,1
15533,1
15534,1
15535,1
15536,1
15537,0
15538,0
15539,1
15540,1
15541,0
15542,0
15543,1
15544,0
15545,1
15546,0
15547,1
15548,0
15549,0
15550,1
15551,1
15552,0
15553,0
15554,1
15555,1
15556,0
15557,1
15558,0
15559,1
15560,0
15561,0
15562,0
15563,0
15564,0
15565,0
15566,0
15567,0
15568,0
15569,0
15570,0
15571,0
15572,0
15573,0
15574,0
15575,0
15576,0
15577,0
15578,0
15579,0
15580,0
15581,0
15582,0
15583,0
15584,0
15585,0
15586,0
15587,0
15588,0
15589,0
15590,0
15591,0
15592,0
15593,0
15594,0
15595,0
15596,0
15597,0
15598,0
15599,0
15600,0
15601,0
15602,0
15603,0
15604,0
15605,0
15606,0
15607,0
15608,0
15609,0
15610,0
15611,0
15612,0
15613,0
15614,0
15615,0
15616,0
15617,0
15618,0
15619,0
15620,0
15621,0
15622,0
15623,0
15624,0
15625,0
15626,0
15627,0
15628,0
15629,0
15630,0
15631,0
15632,0
15633,0
15634,0
15635,0
15636,0
15637,0
15638,0
15639,0
15640,0
15641,0
15642,0
15643,0
15644,0
15645,0
15646,0
15647,0
15648,0
15649,0
15650,0
15651,0
15652,0
15653,0
15654,0
15655,0
15656,0
15657,0
15658,0
15659,0
15660,0
15661,0
15662,0
15663,0
15664,0
15665,0
15666,0
15667,0
15668,0
15669,0
15670,0
15671,0
15672,0
15673,0
15674,0
15675,0
15676,0
15677,0
15678,0
15679,0
15680,0
15681,0
15682,0
15683,0
15684,0
15685,0
15686,0
15687,0
15688,0
15689,0
15690,0
15691,0
15692,0
15693,0
15694,0
15695,0
15696,0
15697,0
15698,0
15699,0
15700,0
15701,0
15702,0
15703,0
15704,0
15705,0
15706,0
15707,0
15708,0
15709,0
15710,0
15711,0
15712,0
15713,0
15714,0
15715,0
15716,0
15717,0
15718,0
15719,0
15720,0
15721,0
15722,0
15723,0
15724,0
15725,0
15726,0
15727,0
15728,0
15729,0
15730,0
15731,0
15732,0
15733,0
15734,0
15735,0
15736,0
15737,0
15738,0
15739,0
15740,0
15741,0
15742,0
15743,0
15744,0
15745,0
15746,0
15747,0
15748,0
15749,0
15750,0
15751,0
15752,0
15753,0
15754,0
15755,0
15756,0
15757,0
15758,0
15759,0
15760,0
15761,0
15762,0
15763,0
15764,0
15765,0
15766,0
15767,0
15768,0
15769,0
15770,0
15771,0
15772,0
15773,0
15774,0
15775,0
15776,0
15777,0
15778,0
15779,0
15780,0
15781,0
15782,0
15783,0
15784,0
15785,0
15786,0
15787,0
15788,0
15789,0
15790,0
15791,0
15792,0
15793,0
15794,0
15795,0
15796,0
15797,0
15798,0
15799,0
15800,0
15801,0
15802,0
15803,0
15804,0
15805,0
15806,0
15807,0
15808,0
15809,0
15810,0
15811,0
15812,0
15813,0
15814,0
15815,0
15816,0
15817,0
15818,0
15819,0
15820,0
15821,0
15822,0
15823,0
15824,0
15825,0
15826,0
15827,0
15828,0
15829,0
15830,0
15831,0
15832,0
15833,0
15834,0
15835,0
15836,0
15837,0
15838,0
15839,0
15840,0
15841,0
15842,0
15843,0
15844,0
15845,0
15846,0
15847,1
15848,0
15849,0
15850,0
15851,0
15852,0
15853,1
15854,0
15855,0
15856,0
15857,0
15858,0
15859,1
15860,1
15861,1
15862,1
15863,0
15864,0
15865,0
15866,0
15867,0
15868,1
15869,0
15870,0
15871,1
15872,0
15873,1
15874,0
15875,1
15876,1
15877,0
15878,0
15879,1
15880,1
15881,1
15882,0
15883,1
15884,0
15885,0
15886,0
15887,0
15888,0
15889,1
15890,1
15891,1
15892,0
15893,1
15894,1
15895,1
15896,1
15897,1
15898,1
15899,1
15900,1
15901,1
15902,1
15903,0
15904,0
15905,1
15906,0
15907,1
15908,1
15909,0
15910,1
15911,1
15912,1
15913,0
15914,1
15915,1
15916,1
15917,1
15918,1
15919,1
15920,1
15921,0
15922,0
15923,0
15924,1
15925,1
15926,1
15927,0
15928,1
15929,1
15930,1
15931,1
15932,1
15933,0
15934,0
15935,1
15936,1
15937,1
15938,1
15939,1
15940,1
15941,1
15942,1
15943,1
15944,1
15945,1
15946,1
15947,1
15948,1
15949,1
15950,1
15951,1
15952,1
15953,1
15954,1
15955,1
15956,0
15957,1
15958,1
15959,1
15960,1
15961,1
15962,1
15963,1
15964,1
15965,1
15966,1
15967,1
15968,1
15969,1
15970,1
15971,1
15972,1
15973,1
15974,1
15975,1
15976,1
15977,1
15978,1
15979,1
15980,1
15981,1
15982,1
15983,1
15984,1
15985,1
15986,1
15987,1
15988,1
15989,1
15990,1
15991,1
15992,1
15993,1
15994,1
15995,1
15996,1
15997,1
15998,1
15999,1
16000,1
16001,1
16002,1
16003,1
16004,1
16005,1
16006,1
16007,1
16008,1
16009,1
16010,1
16011,1
16012,1
16013,0
16014,1
16015,1
16016,1
16017,1
16018,1
16019,1
16020,1
16021,1
16022,1
16023,1
16024,1
16025,1
16026,1
16027,1
16028,1
16029,1
16030,1
16031,1
16032,1
16033,1
16034,1
16035,1
16036,1
16037,1
16038,1
16039,1
16040,1
16041,1
16042,1
16043,1
16044,1
16045,1
16046,1
16047,1
16048,1
16049,1
16050,1
16051,1
16052,1
16053,1
16054,1
16055,1
16056,1
16057,1
16058,1
16059,1
16060,1
16061,1
16062,1
16063,1
16064,1
16065,1
16066,1
16067,1
16068,1
16069,1
16070,1
16071,1
16072,1
16073,1
16074,1
16075,1
16076,1
16077,1
16078,1
16079,1
16080,1
16081,1
16082,1
16083,1
16084,1
16085,1
16086,1
16087,1
16088,1
16089,1
16090,1
16091,1
16092,1
16093,1
16094,1
16095,1
16096,1
16097,1
16098,1
16099,1
16100,1
16101,1
16102,1
16103,1
16104,1
16105,1
16106,1
16107,1
16108,1
16109,1
16110,1
16111,1
16112,1
16113,1
16114,1
16115,1
16116,1
16117,1
16118,1
16119,1
16120,1
16121,1
16122,1
16123,1
16124,1
16125,1
16126,1
16127,1
16128,1
16129,1
16130,1
16131,1
16132,1
16133,1
16134,1
16135,1
16136,1
16137,1
16138,1
16139,1
16140,1
16141,1
16142,1
16143,1
16144,1
16145,1
16146,1
16147,1
16148,1
16149,1
16150,1
16151,1
16152,1
16153,1
16154,1
16155,1
16156,0
16157,1
16158,1
16159,1
16160,1
16161,1
16162,1
16163,1
16164,1
16165,1
16166,1
16167,1
16168,1
16169,1
16170,1
16171,1
16172,1
16173,0
16174,1
16175,1
16176,1
16177,0
16178,1
16179,1
16180,1
16181,1
16182,1
16183,1
16184,1
16185,1
16186,1
16187,1
16188,1
16189,1
16190,1
16191,1
16192,1
16193,1
16194,1
16195,1
16196,1
16197,1
16198,1
16199,1
16200,1
16201,1
16202,1
16203,1
16204,0
16205,1
16206,1
16207,1
16208,1
16209,1
16210,1
16211,1
16212,1
16213,1
16214,0
16215,1
16216,1
16217,0
16218,1
16219,1
16220,1
16221,1
16222,1
16223,1
16224,1
16225,1
16226,1
16227,1
16228,1
16229,1
16230,0
16231,1
16232,1
16233,1
16234,1
16235,1
16236,1
16237,1
16238,1
16239,0
16240,1
16241,1
16242,1
16243,0
16244,1
16245,1
16246,0
16247,1
16248,1
16249,1
16250,1
16251,0
16252,0
16253,0
16254,1
16255,1
16256,0
16257,1
16258,1
16259,0
16260,1
16261,1
16262,1
16263,1
16264,1
16265,1
16266,1
16267,0
16268,0
16269,1
16270,0
16271,0
16272,0
16273,1
16274,1
16275,1
16276,0
16277,0
16278,1
16279,0
16280,0
16281,0
16282,0
16283,0
16284,0
16285,0
16286,0
16287,0
16288,0
16289,0
16290,0
16291,0
16292,0
16293,0
16294,0
16295,0
16296,0
16297,0
16298,0
16299,0
16300,0
16301,0
16302,0
16303,0
16304,0
16305,0
16306,0
16307,0
16308,0
16309,0
16310,0
16311,0
16312,0
16313,0
16314,0
16315,0
16316,0
16317,0
16318,0
16319,0
16320,0
16321,0
16322,0
16323,0
16324,0
16325,0
16326,0
16327,0
16328,0
16329,0
16330,0
16331,0
16332,0
16333,0
16334,0
16335,0
16336,0
16337,0
16338,0
16339,0
16340,0
16341,0
16342,0
16343,0
16344,0
16345,0
16346,0
16347,0
16348,0
16349,0
16350,0
16351,0
16352,0
16353,0
16354,0
16355,0
16356,0
16357,0
16358,0
16359,0
16360,0
16361,0
16362,0
16363,0
16364,0
16365,0
16366,0
16367,0
16368,0
16369,0
16370,0
16371,0
16372,0
16373,0
16374,0
16375,0
16376,0
16377,0
16378,0
16379,0
16380,0
16381,0
16382,0
16383,0
16384,0
16385,0
16386,0
16387,0
16388,0
16389,0
16390,0
16391,0
16392,0
16393,0
16394,0
16395,0
16396,0
16397,0
16398,0
16399,0
16400,0
16401,0
16402,0
16403,0
16404,0
16405,0
16406,0
16407,0
16408,0
16409,0
16410,0
16411,0
16412,0
16413,0
16414,0
16415,0
16416,0
16417,0
16418,0
16419,0
16420,0
16421,0
16422,0
16423,0
16424,0
16425,0
16426,0
16427,0
16428,0
16429,0
16430,0
16431,0
16432,0
16433,0
16434,0
16435,0
16436,0
16437,0
16438,0
16439,0
16440,0
16441,0
16442,0
16443,0
16444,0
16445,0
16446,0
16447,0
16448,0
16449,0
16450,0
16451,0
16452,0
16453,0
16454,0
16455,0
16456,0
16457,0
16458,0
16459,0
16460,0
16461,0
16462,0
16463,0
16464,0
16465,0
16466,0
16467,0
16468,0
16469,0
16470,0
16471,0
16472,0
16473,0
16474,0
16475,0
16476,0
16477,0
16478,0
16479,0
16480,0
16481,0
16482,0
16483,0
16484,0
16485,0
16486,0
16487,0
16488,0
16489,0
16490,0
16491,0
16492,0
16493,0
16494,0
16495,0
16496,0
16497,0
16498,0
16499,0
16500,0
16501,0
16502,0
16503,0
16504,0
16505,0
16506,0
16507,0
16508,0
16509,0
16510,0
16511,0
16512,0
16513,0
16514,0
16515,0
16516,0
16517,0
16518,0
16519,0
16520,0
16521,0
16522,0
16523,0
16524,0
16525,0
16526,0
16527,0
16528,0
16529,0
16530,0
16531,0
16532,0
16533,0
16534,0
16535,0
16536,0
16537,0
16538,0
16539,0
16540,0
16541,0
16542,0
16543,0
16544,1
16545,0
16546,0
16547,0
16548,0
16549,0
16550,0
16551,0
16552,0
16553,0
16554,0
16555,0
16556,0
16557,0
16558,0
16559,0
16560,0
16561,0
16562,0
16563,0
16564,0
16565,0
16566,0
16567,0
16568,0
16569,0
16570,1
16571,0
16572,1
16573,0
16574,0
16575,1
16576,1
16577,1
16578,1
16579,0
16580,0
16581,1
16582,0
16583,1
16584,1
16585,0
16586,0
16587,0
16588,0
16589,0
16590,0
16591,0
16592,0
16593,1
16594,1
16595,1
16596,0
16597,0
16598,0
16599,1
16600,1
16601,0
16602,1
16603,0
16604,1
16605,0
16606,1
16607,1
16608,0
16609,1
16610,1
16611,0
16612,0
16613,0
16614,1
16615,0
16616,1
16617,1
16618,1
16619,1
16620,0
16621,1
16622,1
16623,1
16624,0
16625,0
16626,1
16627,1
16628,0
16629,0
16630,0
16631,1
16632,1
16633,1
16634,1
16635,1
16636,1
16637,1
16638,1
16639,1
16640,1
16641,1
16642,1
16643,1
16644,1
16645,1
16646,1
16647,0
16648,0
16649,1
16650,1
16651,0
16652,1
16653,0
16654,1
16655,1
16656,0
16657,0
16658,1
16659,0
16660,1
16661,1
16662,1
16663,0
16664,1
16665,0
16666,1
16667,0
16668,1
16669,1
16670,1
16671,1
16672,1
16673,1
16674,0
16675,0
16676,1
16677,1
16678,1
16679,1
16680,1
16681,1
16682,1
16683,1
16684,1
16685,0
16686,1
16687,1
16688,1
16689,1
16690,1
16691,1
16692,1
16693,1
16694,1
16695,1
16696,1
16697,1
16698,1
16699,1
16700,1
16701,1
16702,1
16703,1
16704,0
16705,1
16706,1
16707,0
16708,0
16709,1
16710,1
16711,1
16712,1
16713,1
16714,0
16715,1
16716,1
16717,1
16718,1
16719,1
16720,1
16721,1
16722,1
16723,1
16724,1
16725,0
16726,1
16727,1
16728,1
16729,1
16730,0
16731,1
16732,1
16733,1
16734,1
16735,1
16736,1
16737,1
16738,1
16739,1
16740,1
16741,1
16742,1
16743,1
16744,1
16745,1
16746,1
16747,1
16748,1
16749,1
16750,1
16751,1
16752,1
16753,1
16754,1
16755,1
16756,1
16757,1
16758,1
16759,1
16760,1
16761,1
16762,1
16763,1
16764,1
16765,1
16766,1
16767,1
16768,0
16769,0
16770,1
16771,1
16772,1
16773,1
16774,1
16775,1
16776,1
16777,1
16778,1
16779,1
16780,1
16781,1
16782,1
16783,1
16784,1
16785,1
16786,1
16787,1
16788,1
16789,1
16790,1
16791,1
16792,1
16793,1
16794,1
16795,1
16796,1
16797,1
16798,1
16799,1
16800,1
16801,1
16802,1
16803,1
16804,1
16805,0
16806,1
16807,1
16808,1
16809,1
16810,1
16811,1
16812,1
16813,1
16814,1
16815,1
16816,1
16817,1
16818,1
16819,1
16820,1
16821,1
16822,1
16823,1
16824,1
16825,1
16826,1
16827,1
16828,1
16829,1
16830,1
16831,1
16832,1
16833,1
16834,1
16835,1
16836,1
16837,1
16838,1
16839,1
16840,1
16841,1
16842,1
16843,1
16844,1
16845,1
16846,0
16847,1
16848,1
16849,1
16850,1
16851,0
16852,1
16853,1
16854,1
16855,1
16856,0
16857,1
16858,1
16859,1
16860,1
16861,1
16862,1
16863,1
16864,1
16865,1
16866,1
16867,1
16868,1
16869,1
16870,1
16871,1
16872,1
16873,1
16874,1
16875,1
16876,1
16877,1
16878,0
16879,1
16880,1
16881,1
16882,1
16883,1
16884,0
16885,1
16886,1
16887,1
16888,0
16889,1
16890,1
16891,1
16892,1
16893,1
16894,1
16895,1
16896,1
16897,1
16898,1
16899,1
16900,1
16901,1
16902,1
16903,1
16904,1
16905,1
16906,1
16907,1
16908,1
16909,1
16910,1
16911,0
16912,0
16913,1
16914,1
16915,1
16916,1
16917,1
16918,1
16919,1
16920,1
16921,1
16922,1
16923,1
16924,1
16925,1
16926,1
16927,1
16928,1
16929,1
16930,1
16931,1
16932,1
16933,1
16934,1
16935,1
16936,0
16937,1
16938,0
16939,1
16940,1
16941,1
16942,1
16943,1
16944,1
16945,1
16946,1
16947,0
16948,1
16949,0
16950,0
16951,1
16952,1
16953,0
16954,1
16955,1
16956,1
16957,1
16958,1
16959,1
16960,0
16961,1
16962,1
16963,0
16964,0
16965,0
16966,0
16967,1
16968,0
16969,1
16970,0
16971,0
16972,0
16973,1
16974,1
16975,1
16976,1
16977,1
16978,0
16979,0
16980,0
16981,0
16982,0
16983,0
16984,0
16985,0
16986,0
16987,0
16988,0
16989,0
16990,0
16991,0
16992,0
16993,0
16994,0
16995,0
16996,0
16997,0
16998,0
16999,0
17000,0
17001,0
17002,0
17003,0
17004,0
17005,0
17006,0
17007,0
17008,0
17009,0
17010,0
17011,0
17012,0
17013,0
17014,0
17015,0
17016,0
17017,0
17018,0
17019,0
17020,0
17021,0
17022,0
17023,0
17024,0
17025,0
17026,0
17027,0
17028,0
17029,0
17030,0
17031,0
17032,0
17033,0
17034,0
17035,0
17036,0
17037,0
17038,0
17039,0
17040,0
17041,0
17042,0
17043,0
17044,0
17045,0
17046,0
17047,0
17048,0
17049,0
17050,0
17051,0
17052,0
17053,0
17054,0
17055,0
17056,0
17057,0
17058,0
17059,0
17060,0
17061,0
17062,0
17063,0
17064,0
17065,0
17066,0
17067,0
17068,0
17069,0
17070,0
17071,0
17072,0
17073,0
17074,0
17075,0
17076,0
17077,0
17078,0
17079,0
17080,0
17081,0
17082,0
17083,0
17084,0
17085,0
17086,0
17087,0
17088,0
17089,0
17090,0
17091,0
17092,0
17093,0
17094,0
17095,0
17096,0
17097,0
17098,0
17099,0
17100,0
17101,0
17102,0
17103,0
17104,0
17105,0
17106,0
17107,0
17108,0
17109,0
17110,0
17111,0
17112,0
17113,0
17114,0
17115,0
17116,0
17117,0
17118,0
17119,0
17120,0
17121,0
17122,0
17123,0
17124,0
17125,0
17126,0
17127,0
17128,0
17129,0
17130,0
17131,0
17132,0
17133,0
17134,0
17135,0
17136,0
17137,0
17138,0
17139,0
17140,0
17141,0
17142,0
17143,0
17144,0
17145,0
17146,0
17147,0
17148,0
17149,0
17150,0
17151,0
17152,0
17153,0
17154,0
17155,0
17156,0
17157,0
17158,0
17159,0
17160,0
17161,0
17162,0
17163,0
17164,0
17165,0
17166,0
17167,0
17168,0
17169,0
17170,0
17171,0
17172,0
17173,0
17174,0
17175,0
17176,0
17177,0
17178,0
17179,0
17180,0
17181,0
17182,0
17183,0
17184,0
17185,0
17186,0
17187,0
17188,0
17189,0
17190,0
17191,0
17192,0
17193,0
17194,0
17195,0
17196,0
17197,0
17198,0
17199,0
17200,0
17201,0
17202,0
17203,0
17204,0
17205,0
17206,0
17207,0
17208,0
17209,0
17210,0
17211,0
17212,0
17213,0
17214,0
17215,0
17216,0
17217,0
17218,0
17219,0
17220,0
17221,0
17222,0
17223,0
17224,0
17225,0
17226,0
17227,0
17228,0
17229,0
17230,0
17231,0
17232,0
17233,1
17234,1
17235,0
17236,0
17237,0
17238,0
17239,0
17240,0
17241,0
17242,0
17243,0
17244,1
17245,1
17246,0
17247,1
17248,1
17249,0
17250,0
17251,0
17252,1
17253,0
17254,0
17255,1
17256,0
17257,1
17258,1
17259,1
17260,0
17261,1
17262,1
17263,1
17264,1
17265,0
17266,1
17267,0
17268,0
17269,1
17270,1
17271,0
17272,1
17273,1
17274,1
17275,1
17276,1
17277,1
17278,1
17279,0
17280,0
17281,1
17282,1
17283,0
17284,1
17285,0
17286,1
17287,1
17288,1
17289,0
17290,1
17291,1
17292,1
17293,1
17294,0
17295,1
17296,1
17297,1
17298,0
17299,1
17300,0
17301,1
17302,0
17303,1
17304,1
17305,1
17306,0
17307,1
17308,1
17309,1
17310,1
17311,1
17312,1
17313,1
17314,1
17315,1
17316,1
17317,1
17318,1
17319,0
17320,0
17321,1
17322,1
17323,1
17324,1
17325,1
17326,1
17327,1
17328,0
17329,1
17330,1
17331,1
17332,1
17333,1
17334,1
17335,1
17336,1
17337,1
17338,1
17339,1
17340,1
17341,1
17342,1
17343,1
17344,1
17345,1
17346,1
17347,1
17348,0
17349,1
17350,1
17351,1
17352,1
17353,1
17354,1
17355,1
17356,1
17357,1
17358,1
17359,0
17360,1
17361,1
17362,1
17363,1
17364,1
17365,1
17366,1
17367,1
17368,1
17369,1
17370,1
17371,1
17372,1
17373,1
17374,1
17375,1
17376,0
17377,1
17378,1
17379,1
17380,1
17381,1
17382,0
17383,1
17384,0
17385,1
17386,1
17387,1
17388,1
17389,1
17390,1
17391,1
17392,1
17393,1
17394,1
17395,1
17396,1
17397,1
17398,1
17399,1
17400,1
17401,1
17402,1
17403,1
17404,1
17405,1
17406,1
17407,1
17408,1
17409,1
17410,1
17411,1
17412,1
17413,1
17414,1
17415,1
17416,1
17417,1
17418,1
17419,1
17420,1
17421,1
17422,1
17423,1
17424,1
17425,1
17426,1
17427,1
17428,1
17429,0
17430,1
17431,1
17432,1
17433,1
17434,1
17435,1
17436,1
17437,1
17438,1
17439,1
17440,1
17441,1
17442,1
17443,1
17444,1
17445,1
17446,1
17447,1
17448,1
17449,1
17450,1
17451,1
17452,1
17453,1
17454,1
17455,0
17456,1
17457,1
17458,1
17459,1
17460,1
17461,1
17462,1
17463,1
17464,1
17465,1
17466,0
17467,1
17468,1
17469,1
17470,1
17471,1
17472,1
17473,1
17474,1
17475,1
17476,1
17477,1
17478,1
17479,1
17480,1
17481,1
17482,1
17483,1
17484,1
17485,1
17486,0
17487,1
17488,1
17489,1
17490,1
17491,1
17492,0
17493,0
17494,0
17495,1
17496,1
17497,1
17498,1
17499,1
17500,1
17501,1
17502,1
17503,1
17504,1
17505,1
17506,0
17507,1
17508,1
17509,1
17510,1
17511,1
17512,1
17513,1
17514,1
17515,1
17516,1
17517,1
17518,1
17519,1
17520,1
17521,1
17522,1
17523,1
17524,1
17525,1
17526,1
17527,1
17528,1
17529,1
17530,1
17531,1
17532,1
17533,1
17534,1
17535,1
17536,1
17537,1
17538,1
17539,1
17540,1
17541,1
17542,1
17543,1
17544,1
17545,1
17546,1
17547,0
17548,1
17549,1
17550,1
17551,1
17552,1
17553,1
17554,1
17555,0
17556,1
17557,1
17558,1
17559,1
17560,1
17561,1
17562,1
17563,1
17564,1
17565,1
17566,1
17567,1
17568,1
17569,1
17570,1
17571,1
17572,1
17573,1
17574,1
17575,0
17576,0
17577,1
17578,1
17579,1
17580,1
17581,0
17582,1
17583,1
17584,1
17585,1
17586,1
17587,0
17588,1
17589,0
17590,1
17591,0
17592,1
17593,0
17594,0
17595,1
17596,1
17597,0
17598,0
17599,1
17600,1
17601,0
17602,1
17603,1
17604,0
17605,1
17606,1
17607,0
17608,0
17609,1
17610,0
17611,1
17612,0
17613,1
17614,1
17615,0
17616,0
17617,1
17618,1
17619,0
17620,1
17621,0
17622,0
17623,1
17624,0
17625,0
17626,0
17627,0
17628,0
17629,0
17630,0
17631,0
17632,0
17633,0
17634,0
17635,0
17636,0
17637,0
17638,0
17639,0
17640,0
17641,0
17642,0
17643,0
17644,0
17645,0
17646,0
17647,0
17648,0
17649,0
17650,0
17651,0
17652,0
17653,0
17654,0
17655,0
17656,0
17657,0
17658,0
17659,0
17660,0
17661,0
17662,0
17663,0
17664,0
17665,0
17666,0
17667,0
17668,0
17669,0
17670,0
17671,0
17672,0
17673,0
17674,0
17675,0
17676,0
17677,0
17678,0
17679,0
17680,0
17681,0
17682,0
17683,0
17684,0
17685,0
17686,0
17687,0
17688,0
17689,0
17690,0
17691,0
17692,0
17693,0
17694,0
17695,0
17696,0
17697,0
17698,0
17699,0
17700,0
17701,0
17702,0
17703,0
17704,0
17705,0
17706,0
17707,0
17708,0
17709,0
17710,0
17711,0
17712,0
17713,0
17714,0
17715,0
17716,0
17717,0
17718,0
17719,0
17720,0
17721,0
17722,0
17723,0
17724,0
17725,0
17726,0
17727,0
17728,0
17729,0
17730,0
17731,0
17732,0
17733,0
17734,0
17735,0
17736,0
17737,0
17738,0
17739,0
17740,0
17741,0
17742,0
17743,0
17744,0
17745,0
17746,0
17747,0
17748,0
17749,0
17750,0
17751,0
17752,0
17753,0
17754,0
17755,0
17756,0
17757,0
17758,0
17759,0
17760,0
17761,0
17762,0
17763,0
17764,0
17765,0
17766,0
17767,0
17768,0
17769,0
17770,0
17771,0
17772,0
17773,0
17774,0
17775,0
17776,0
17777,0
17778,0
17779,0
17780,0
17781,0
17782,0
17783,0
17784,0
17785,0
17786,0
17787,0
17788,0
17789,0
17790,0
17791,0
17792,0
17793,0
17794,0
17795,0
17796,0
17797,0
17798,0
17799,0
17800,0
17801,0
17802,0
17803,0
17804,0
17805,0
17806,0
17807,0
17808,0
17809,0
17810,0
17811,0
17812,0
17813,0
17814,0
17815,0
17816,0
17817,0
17818,0
17819,0
17820,0
17821,0
17822,0
17823,0
17824,0
17825,0
17826,0
17827,0
17828,0
17829,0
17830,0
17831,0
17832,0
17833,0
17834,0
17835,0
17836,0
17837,0
17838,0
17839,0
17840,0
17841,0
17842,0
17843,0
17844,0
17845,0
17846,0
17847,0
17848,0
17849,0
17850,0
17851,0
17852,0
17853,0
17854,0
17855,0
17856,0
17857,0
17858,0
17859,0
17860,0
17861,0
17862,0
17863,0
17864,0
17865,0
17866,0
17867,0
17868,1
17869,0
17870,0
17871,0
17872,0
17873,0
17874,1
17875,1
17876,0
17877,0
17878,0
17879,0
17880,0
17881,1
17882,0
17883,0
17884,0
17885,0
17886,0
17887,1
17888,0
17889,1
17890,0
17891,1
17892,0
17893,0
17894,1
17895,1
17896,1
17897,0
17898,1
17899,0
17900,0
17901,0
17902,0
17903,1
17904,0
17905,0
17906,1
17907,1
17908,0
17909,0
17910,1
17911,1
17912,1
17913,1
17914,0
17915,0
17916,1
17917,0
17918,0
17919,1
17920,1
17921,1
17922,1
17923,1
17924,0
17925,1
17926,0
17927,1
17928,1
17929,1
17930,1
17931,1
17932,1
17933,1
17934,1
17935,0
17936,1
17937,1
17938,1
17939,0
17940,1
17941,1
17942,1
17943,1
17944,1
17945,0
17946,0
17947,1
17948,1
17949,1
17950,1
17951,0
17952,0
17953,1
17954,1
17955,1
17956,0
17957,0
17958,1
17959,1
17960,1
17961,0
17962,0
17963,1
17964,1
17965,1
17966,0
17967,1
17968,1
17969,0
17970,0
17971,0
17972,1
17973,1
17974,1
17975,1
17976,1
17977,1
17978,1
17979,1
17980,1
17981,1
17982,1
17983,1
17984,1
17985,1
17986,1
17987,0
17988,1
17989,1
17990,1
17991,1
17992,1
17993,1
17994,1
17995,0
17996,0
17997,1
17998,1
17999,1
18000,1
18001,1
18002,1
18003,1
18004,1
18005,1
18006,1
18007,0
18008,0
18009,1
18010,0
18011,1
18012,1
18013,1
18014,1
18015,1
18016,1
18017,1
18018,1
18019,1
18020,1
18021,1
18022,1
18023,1
18024,1
18025,1
18026,1
18027,1
18028,0
18029,1
18030,1
18031,1
18032,1
18033,1
18034,1
18035,1
18036,1
18037,1
18038,1
18039,1
18040,1
18041,1
18042,0
18043,1
18044,1
18045,0
18046,1
18047,1
18048,1
18049,0
18050,1
18051,1
18052,1
18053,0
18054,1
18055,1
18056,1
18057,1
18058,1
18059,1
18060,1
18061,1
18062,1
18063,1
18064,1
18065,1
18066,1
18067,1
18068,0
18069,1
18070,1
18071,1
18072,0
18073,0
18074,1
18075,1
18076,1
18077,1
18078,1
18079,1
18080,1
18081,1
18082,1
18083,1
18084,1
18085,1
18086,1
18087,1
18088,1
18089,1
18090,1
18091,1
18092,1
18093,1
18094,1
18095,0
18096,1
18097,1
18098,1
18099,1
18100,1
18101,1
18102,1
18103,1
18104,1
18105,0
18106,1
18107,1
18108,1
18109,1
18110,0
18111,1
18112,1
18113,1
18114,1
18115,1
18116,1
18117,1
18118,1
18119,1
18120,1
18121,1
18122,1
18123,1
18124,1
18125,1
18126,1
18127,1
18128,1
18129,1
18130,1
18131,1
18132,1
18133,1
18134,1
18135,1
18136,1
18137,1
18138,1
18139,1
18140,1
18141,1
18142,1
18143,1
18144,1
18145,1
18146,1
18147,1
18148,1
18149,1
18150,0
18151,1
18152,1
18153,1
18154,1
18155,1
18156,1
18157,1
18158,1
18159,1
18160,1
18161,1
18162,1
18163,0
18164,1
18165,1
18166,1
18167,1
18168,1
18169,1
18170,1
18171,0
18172,1
18173,1
18174,1
18175,1
18176,0
18177,0
18178,1
18179,1
18180,1
18181,1
18182,1
18183,1
18184,1
18185,1
18186,1
18187,1
18188,1
18189,1
18190,1
18191,1
18192,1
18193,1
18194,0
18195,1
18196,1
18197,1
18198,1
18199,1
18200,1
18201,1
18202,1
18203,1
18204,1
18205,1
18206,1
18207,0
18208,1
18209,1
18210,1
18211,1
18212,1
18213,0
18214,1
18215,1
18216,1
18217,1
18218,0
18219,1
18220,1
18221,1
18222,1
18223,1
18224,1
18225,1
18226,0
18227,1
18228,1
18229,1
18230,1
18231,1
18232,1
18233,1
18234,0
18235,1
18236,1
18237,1
18238,1
18239,1
18240,1
18241,1
18242,1
18243,1
18244,1
18245,1
18246,0
18247,1
18248,1
18249,1
18250,1
18251,1
18252,1
18253,0
18254,1
18255,1
18256,0
18257,1
18258,0
18259,0
18260,1
18261,1
18262,0
18263,0
18264,1
18265,1
18266,1
18267,1
18268,1
18269,1
18270,1
18271,1
18272,0
18273,0
18274,1
18275,1
18276,1
18277,0
18278,1
18279,0
18280,1
18281,1
18282,0
18283,0
18284,0
18285,0
18286,0
18287,0
18288,1
18289,1
18290,0
18291,0
18292,0
18293,0
18294,0
18295,0
18296,0
18297,0
18298,0
18299,0
18300,0
18301,0
18302,0
18303,0
18304,0
18305,0
18306,0
18307,0
18308,0
18309,0
18310,0
18311,0
18312,0
18313,0
18314,0
18315,0
18316,0
18317,0
18318,0
18319,0
18320,0
18321,0
18322,0
18323,0
18324,0
18325,0
18326,0
18327,0
18328,0
18329,0
18330,0
18331,0
18332,0
18333,0
18334,0
18335,0
18336,0
18337,0
18338,0
18339,0
18340,0
18341,0
18342,0
18343,0
18344,0
18345,0
18346,0
18347,0
18348,0
18349,0
18350,0
18351,0
18352,0
18353,0
18354,0
18355,0
18356,0
18357,0
18358,0
18359,0
18360,0
18361,0
18362,0
18363,0
18364,0
18365,0
18366,0
18367,0
18368,0
18369,0
18370,0
18371,0
18372,0
18373,0
18374,0
18375,0
18376,0
18377,0
18378,0
18379,0
18380,0
18381,0
18382,0
18383,0
18384,0
18385,0
18386,0
18387,0
18388,0
18389,0
18390,0
18391,0
18392,0
18393,0
18394,0
18395,0
18396,0
18397,0
18398,0
18399,0
18400,0
18401,0
18402,0
18403,0
18404,0
18405,0
18406,0
18407,0
18408,0
18409,0
18410,0
18411,0
18412,0
18413,0
18414,0
18415,0
18416,0
18417,0
18418,0
18419,0
18420,0
18421,0
18422,0
18423,0
18424,0
18425,0
18426,0
18427,0
18428,0
18429,0
18430,0
18431,0
18432,0
18433,0
18434,0
18435,0
18436,0
18437,0
18438,0
18439,0
18440,0
18441,0
18442,0
18443,0
18444,0
18445,0
18446,0
18447,0
18448,0
18449,0
18450,0
18451,0
18452,0
18453,0
18454,0
18455,0
18456,0
18457,0
18458,0
18459,0
18460,0
18461,0
18462,0
18463,0
18464,0
18465,0
18466,0
18467,0
18468,0
18469,0
18470,0
18471,0
18472,0
18473,0
18474,0
18475,0
18476,0
18477,0
18478,0
18479,0
18480,0
18481,0
18482,0
18483,0
18484,0
18485,0
18486,0
18487,0
18488,0
18489,0
18490,0
18491,0
18492,0
18493,0
18494,0
18495,0
18496,0
18497,0
18498,0
18499,0
18500,0
18501,0
18502,0
18503,0
18504,0
18505,0
18506,0
18507,0
18508,0
18509,0
18510,0
18511,0
18512,0
18513,0
18514,0
18515,0
18516,0
18517,0
18518,0
18519,1
18520,0
18521,0
18522,0
18523,0
18524,0
18525,0
18526,0
18527,0
18528,0
18529,0
18530,1
18531,1
18532,0
18533,0
18534,0
18535,0
18536,0
18537,0
18538,1
18539,0
18540,0
18541,1
18542,0
18543,0
18544,0
18545,0
18546,1
18547,0
18548,1
18549,1
18550,1
18551,1
18552,0
18553,0
18554,0
18555,0
18556,1
18557,1
18558,1
18559,1
18560,0
18561,0
18562,0
18563,1
18564,0
18565,0
18566,1
18567,0
18568,0
18569,0
18570,0
18571,0
18572,1
18573,0
18574,0
18575,1
18576,0
18577,1
18578,0
18579,1
18580,1
18581,1
18582,0
18583,1
18584,1
18585,1
18586,1
18587,1
18588,1
18589,1
18590,1
18591,1
18592,0
18593,1
18594,1
18595,1
18596,1
18597,1
18598,1
18599,0
18600,1
18601,1
18602,0
18603,1
18604,1
18605,1
18606,1
18607,0
18608,0
18609,1
18610,1
18611,0
18612,0
18613,0
18614,1
18615,0
18616,1
18617,1
18618,1
18619,1
18620,0
18621,1
18622,1
18623,0
18624,1
18625,0
18626,1
18627,1
18628,1
18629,1
18630,1
18631,0
18632,1
18633,1
18634,1
18635,0
18636,1
18637,1
18638,1
18639,1
18640,1
18641,1
18642,1
18643,1
18644,0
18645,1
18646,1
18647,1
18648,1
18649,1
18650,1
18651,0
18652,1
18653,0
18654,1
18655,1
18656,1
18657,1
18658,1
18659,1
18660,1
18661,1
18662,1
18663,1
18664,1
18665,1
18666,0
18667,1
18668,1
18669,0
18670,0
18671,1
18672,1
18673,1
18674,1
18675,1
18676,1
18677,1
18678,1
18679,0
18680,1
18681,1
18682,1
18683,1
18684,1
18685,1
18686,1
18687,1
18688,1
18689,1
18690,1
18691,1
18692,1
18693,1
18694,1
18695,0
18696,1
18697,0
18698,0
18699,1
18700,1
18701,1
18702,1
18703,1
18704,1
18705,1
18706,1
18707,0
18708,1
18709,1
18710,1
18711,1
18712,1
18713,1
18714,1
18715,1
18716,1
18717,1
18718,1
18719,1
18720,0
18721,1
18722,1
18723,1
18724,1
18725,1
18726,1
18727,1
18728,1
18729,1
18730,1
18731,1
18732,1
18733,1
18734,1
18735,1
18736,1
18737,1
18738,1
18739,1
18740,1
18741,1
18742,1
18743,1
18744,1
18745,1
18746,1
18747,1
18748,1
18749,1
18750,1
18751,1
18752,1
18753,1
18754,1
18755,1
18756,1
18757,0
18758,1
18759,1
18760,1
18761,1
18762,1
18763,1
18764,1
18765,1
18766,1
18767,1
18768,1
18769,1
18770,1
18771,1
18772,1
18773,1
18774,1
18775,1
18776,1
18777,1
18778,1
18779,1
18780,1
18781,1
18782,1
18783,1
18784,1
18785,1
18786,1
18787,1
18788,0
18789,1
18790,1
18791,1
18792,1
18793,1
18794,1
18795,1
18796,1
18797,1
18798,1
18799,1
18800,1
18801,1
18802,1
18803,1
18804,1
18805,1
18806,1
18807,1
18808,1
18809,1
18810,1
18811,1
18812,1
18813,1
18814,1
18815,1
18816,1
18817,1
18818,1
18819,1
18820,1
18821,1
18822,1
18823,0
18824,1
18825,1
18826,1
18827,1
18828,1
18829,1
18830,1
18831,1
18832,1
18833,1
18834,1
18835,1
18836,1
18837,1
18838,1
18839,1
18840,1
18841,1
18842,1
18843,1
18844,1
18845,1
18846,1
18847,1
18848,1
18849,1
18850,1
18851,1
18852,1
18853,1
18854,1
18855,1
18856,1
18857,1
18858,0
18859,0
18860,1
18861,1
18862,0
18863,1
18864,1
18865,1
18866,1
18867,1
18868,1
18869,1
18870,1
18871,1
18872,1
18873,1
18874,1
18875,1
18876,1
18877,1
18878,0
18879,1
18880,1
18881,1
18882,1
18883,1
18884,1
18885,1
18886,1
18887,1
18888,1
18889,1
18890,1
18891,1
18892,1
18893,0
18894,0
18895,0
18896,1
18897,0
18898,1
18899,1
18900,0
18901,1
18902,1
18903,1
18904,0
18905,1
18906,1
18907,1
18908,1
18909,1
18910,0
18911,0
18912,1
18913,1
18914,1
18915,0
18916,0
18917,1
18918,1
18919,1
18920,1
18921,1
18922,1
18923,1
18924,0
18925,1
18926,1
18927,0
18928,0
18929,1
18930,1
18931,1
18932,1
18933,1
18934,0
18935,0
18936,1
18937,1
18938,0
18939,1
18940,1
18941,0
18942,0
18943,1
18944,0
18945,0
18946,0
18947,0
18948,0
18949,0
18950,1
18951,1
18952,0
18953,0
18954,0
18955,0
18956,0
18957,0
18958,0
18959,0
18960,0
18961,0
18962,0
18963,0
18964,0
18965,0
18966,0
18967,0
18968,0
18969,0
18970,0
18971,0
18972,0
18973,0
18974,0
18975,0
18976,0
18977,0
18978,0
18979,0
18980,0
18981,0
18982,0
18983,0
18984,0
18985,0
18986,0
18987,0
18988,0
18989,0
18990,0
18991,0
18992,0
18993,0
18994,0
18995,0
18996,0
18997,0
18998,0
18999,0
19000,0
19001,0
19002,0
19003,0
19004,0
19005,0
19006,0
19007,0
19008,0
19009,0
19010,0
19011,0
19012,0
19013,0
19014,0
19015,0
19016,0
19017,0
19018,0
19019,0
19020,0
19021,0
19022,0
19023,0
19024,0
19025,0
19026,0
19027,0
19028,0
19029,0
19030,0
19031,0
19032,0
19033,0
19034,0
19035,0
19036,0
19037,0
19038,0
19039,0
19040,0
19041,0
19042,0
19043,0
19044,0
19045,0
19046,0
19047,0
19048,0
19049,0
19050,0
19051,0
19052,0
19053,0
19054,0
19055,0
19056,0
19057,0
19058,0
19059,0
19060,0
19061,0
19062,0
19063,0
19064,0
19065,0
19066,0
19067,0
19068,0
19069,0
19070,0
19071,0
19072,0
19073,0
19074,0
19075,0
19076,0
19077,0
19078,0
19079,0
19080,0
19081,0
19082,0
19083,0
19084,0
19085,0
19086,0
19087,0
19088,0
19089,0
19090,0
19091,0
19092,0
19093,0
19094,0
19095,0
19096,0
19097,0
19098,0
19099,0
19100,0
19101,0
19102,0
19103,0
19104,0
19105,0
19106,0
19107,0
19108,0
19109,0
19110,0
19111,0
19112,0
19113,0
19114,0
19115,0
19116,0
19117,0
19118,0
19119,0
19120,0
19121,0
19122,0
19123,0
19124,0
19125,0
19126,0
19127,0
19128,0
19129,0
19130,0
19131,0
19132,0
19133,0
19134,0
19135,0
19136,0
19137,0
19138,0
19139,0
19140,0
19141,0
19142,0
19143,0
19144,0
19145,0
19146,0
19147,0
19148,0
19149,0
19150,0
19151,0
19152,0
19153,0
19154,0
19155,0
19156,0
19157,0
19158,0
19159,0
19160,0
19161,0
19162,0
19163,0
19164,0
19165,0
19166,0
19167,0
19168,0
19169,0
19170,0
19171,0
19172,0
19173,0
19174,0
19175,1
19176,0
19177,0
19178,0
19179,0
19180,0
19181,1
19182,1
19183,0
19184,1
19185,0
19186,0
19187,0
19188,1
19189,1
19190,0
19191,0
19192,1
19193,1
19194,1
19195,0
19196,1
19197,0
19198,1
19199,1
19200,1
19201,1
19202,0
19203,0
19204,1
19205,1
19206,1
19207,0
19208,1
19209,1
19210,0
19211,1
19212,1
19213,1
19214,0
19215,0
19216,1
19217,1
19218,1
19219,0
19220,1
19221,1
19222,1
19223,1
19224,1
19225,1
19226,0
19227,1
19228,0
19229,0
19230,1
19231,0
19232,0
19233,1
19234,1
19235,1
19236,0
19237,0
19238,0
19239,0
19240,0
19241,0
19242,1
19243,1
19244,1
19245,0
19246,0
19247,0
19248,1
19249,0
19250,1
19251,1
19252,1
19253,0
19254,1
19255,1
19256,1
19257,1
19258,0
19259,1
19260,1
19261,1
19262,0
19263,1
19264,1
19265,0
19266,1
19267,1
19268,1
19269,1
19270,1
19271,1
19272,1
19273,1
19274,1
19275,0
19276,1
19277,1
19278,1
19279,1
19280,0
19281,0
19282,1
19283,1
19284,1
19285,1
19286,1
19287,0
19288,1
19289,0
19290,1
19291,1
19292,1
19293,1
19294,1
19295,1
19296,0
19297,1
19298,0
19299,1
19300,1
19301,0
19302,1
19303,1
19304,1
19305,1
19306,0
19307,1
19308,1
19309,1
19310,1
19311,1
19312,1
19313,1
19314,1
19315,1
19316,0
19317,0
19318,1
19319,1
19320,1
19321,1
19322,0
19323,1
19324,1
19325,1
19326,0
19327,0
19328,1
19329,1
19330,1
19331,1
19332,1
19333,1
19334,1
19335,0
19336,1
19337,1
19338,1
19339,1
19340,1
19341,1
19342,1
19343,1
19344,1
19345,0
19346,1
19347,0
19348,0
19349,1
19350,1
19351,1
19352,1
19353,1
19354,1
19355,1
19356,1
19357,1
19358,0
19359,1
19360,1
19361,1
19362,1
19363,0
19364,1
19365,1
19366,1
19367,0
19368,1
19369,1
19370,1
19371,1
19372,1
19373,1
19374,1
19375,1
19376,1
19377,1
19378,1
19379,1
19380,1
19381,1
19382,1
19383,1
19384,1
19385,1
19386,1
19387,1
19388,1
19389,1
19390,1
19391,1
19392,1
19393,1
19394,1
19395,1
19396,1
19397,1
19398,1
19399,1
19400,1
19401,1
19402,1
19403,1
19404,0
19405,1
19406,0
19407,1
19408,0
19409,0
19410,1
19411,1
19412,1
19413,1
19414,1
19415,1
19416,1
19417,1
19418,1
19419,1
19420,1
19421,1
19422,1
19423,1
19424,1
19425,1
19426,1
19427,1
19428,1
19429,1
19430,1
19431,1
19432,1
19433,0
19434,0
19435,0
19436,0
19437,1
19438,1
19439,1
19440,1
19441,1
19442,1
19443,1
19444,1
19445,1
19446,1
19447,1
19448,1
19449,0
19450,1
19451,1
19452,0
19453,1
19454,1
19455,0
19456,1
19457,1
19458,1
19459,1
19460,1
19461,1
19462,0
19463,1
19464,1
19465,0
19466,0
19467,1
19468,0
19469,1
19470,1
19471,1
19472,0
19473,1
19474,0
19475,1
19476,0
19477,1
19478,1
19479,1
19480,0
19481,1
19482,1
19483,0
19484,1
19485,0
19486,1
19487,0
19488,0
19489,1
19490,0
19491,1
19492,0
19493,1
19494,1
19495,1
19496,1
19497,1
19498,0
19499,1
19500,0
19501,1
19502,0
19503,1
19504,0
19505,0
19506,0
19507,1
19508,0
19509,1
19510,0
19511,0
19512,1
19513,0
19514,0
19515,0
19516,0
19517,0
19518,1
19519,0
19520,0
19521,0
19522,0
19523,0
19524,0
19525,0
19526,0
19527,0
19528,0
19529,0
19530,0
19531,0
19532,0
19533,0
19534,0
19535,0
19536,0
19537,0
19538,0
19539,0
19540,0
19541,0
19542,0
19543,0
19544,0
19545,0
19546,0
19547,0
19548,0
19549,0
19550,0
19551,0
19552,0
19553,0
19554,0
19555,0
19556,0
19557,0
19558,0
19559,0
19560,0
19561,0
19562,0
19563,0
19564,0
19565,0
19566,0
19567,0
19568,0
19569,0
19570,0
19571,0
19572,0
19573,0
19574,0
19575,0
19576,0
19577,0
19578,0
19579,0
19580,0
19581,0
19582,0
19583,0
19584,0
19585,0
19586,0
19587,0
19588,0
19589,0
19590,0
19591,0
19592,0
19593,0
19594,0
19595,0
19596,0
19597,0
19598,0
19599,0
19600,0
19601,0
19602,0
19603,0
19604,0
19605,0
19606,0
19607,0
19608,0
19609,0
19610,0
19611,0
19612,0
19613,0
19614,0
19615,0
19616,0
19617,0
19618,0
19619,0
19620,0
19621,0
19622,0
19623,0
19624,0
19625,0
19626,0
19627,0
19628,0
19629,0
19630,0
19631,0
19632,0
19633,0
19634,0
19635,0
19636,0
19637,0
19638,0
19639,0
19640,0
19641,0
19642,0
19643,0
19644,0
19645,0
19646,0
19647,0
19648,0
19649,0
19650,0
19651,0
19652,0
19653,0
19654,0
19655,0
19656,0
19657,0
19658,0
19659,0
19660,0
19661,0
19662,0
19663,0
19664,0
19665,0
19666,0
19667,0
19668,0
19669,0
19670,0
19671,0
19672,0
19673,0
19674,0
19675,0
19676,0
19677,0
19678,0
19679,0
19680,0
19681,0
19682,0
19683,0
19684,0
19685,0
19686,0
19687,0
19688,0
19689,0
19690,0
19691,0
19692,0
19693,0
19694,0
19695,0
19696,0
19697,0
19698,1
19699,0
19700,0
19701,0
19702,0
19703,0
19704,0
19705,0
19706,0
19707,0
19708,0
19709,0
19710,1
19711,0
19712,1
19713,0
19714,1
19715,0
19716,1
19717,0
19718,1
19719,1
19720,0
19721,0
19722,0
19723,0
19724,0
19725,1
19726,1
19727,0
19728,0
19729,1
19730,0
19731,1
19732,1
19733,0
19734,0
19735,0
19736,1
19737,0
19738,1
19739,0
19740,0
19741,1
19742,1
19743,0
19744,1
19745,1
19746,1
19747,0
19748,1
19749,1
19750,1
19751,1
19752,0
19753,1
19754,1
19755,0
19756,1
19757,0
19758,1
19759,1
19760,1
19761,0
19762,1
19763,0
19764,1
19765,1
19766,1
19767,0
19768,1
19769,0
19770,1
19771,0
19772,1
19773,0
19774,1
19775,1
19776,1
19777,1
19778,1
19779,1
19780,1
19781,1
19782,1
19783,1
19784,1
19785,1
19786,1
19787,1
19788,0
19789,1
19790,1
19791,1
19792,1
19793,1
19794,1
19795,1
19796,1
19797,1
19798,1
19799,1
19800,1
19801,1
19802,1
19803,1
19804,1
19805,1
19806,1
19807,1
19808,1
19809,0
19810,0
19811,1
19812,1
19813,1
19814,1
19815,1
19816,1
19817,1
19818,1
19819,1
19820,1
19821,1
19822,1
19823,1
19824,0
19825,1
19826,1
19827,1
19828,1
19829,1
19830,1
19831,1
19832,1
19833,1
19834,1
19835,1
19836,1
19837,1
19838,1
19839,1
19840,0
19841,1
19842,1
19843,1
19844,1
19845,1
19846,1
19847,1
19848,1
19849,1
19850,1
19851,1
19852,1
19853,1
19854,1
19855,1
19856,1
19857,1
19858,1
19859,1
19860,1
19861,1
19862,1
19863,1
19864,1
19865,1
19866,1
19867,1
19868,1
19869,1
19870,1
19871,1
19872,1
19873,1
19874,1
19875,1
19876,1
19877,1
19878,1
19879,1
19880,1
19881,1
19882,1
19883,1
19884,1
19885,1
19886,1
19887,1
19888,1
19889,1
19890,0
19891,1
19892,1
19893,1
19894,1
19895,1
19896,1
19897,1
19898,1
19899,1
19900,1
19901,1
19902,1
19903,1
19904,1
19905,1
19906,1
19907,1
19908,1
19909,1
19910,1
19911,1
19912,1
19913,1
19914,1
19915,1
19916,1
19917,1
19918,1
19919,1
19920,1
19921,1
19922,1
19923,1
19924,1
19925,1
19926,1
19927,1
19928,1
19929,1
19930,1
19931,1
19932,1
19933,1
19934,1
19935,1
19936,1
19937,1
19938,1
19939,1
19940,1
19941,1
19942,1
19943,1
19944,1
19945,1
19946,1
19947,1
19948,1
19949,1
19950,1
19951,1
19952,1
19953,1
19954,1
19955,1
19956,1
19957,1
19958,1
19959,1
19960,1
19961,1
19962,1
19963,1
19964,1
19965,1
19966,1
19967,1
19968,1
19969,1
19970,1
19971,1
19972,1
19973,1
19974,1
19975,1
19976,1
19977,1
19978,1
19979,1
19980,1
19981,1
19982,1
19983,1
19984,1
19985,1
19986,1
19987,1
19988,1
19989,1
19990,1
19991,1
19992,1
19993,1
19994,1
19995,1
19996,1
19997,1
19998,1
19999,1
20000,1
20001,1
20002,1
20003,1
20004,1
20005,1
20006,1
20007,1
20008,1
20009,1
20010,1
20011,1
20012,1
20013,1
20014,1
20015,1
20016,1
20017,1
20018,1
20019,1
20020,1
20021,1
20022,1
20023,1
20024,1
20025,1
20026,1
20027,1
20028,1
20029,1
20030,1
20031,1
20032,1
20033,1
20034,1
20035,1
20036,1
20037,1
20038,1
20039,1
20040,1
20041,1
20042,1
20043,1
20044,1
20045,1
20046,1
20047,1
20048,1
20049,1
20050,1
20051,1
20052,1
20053,1
20054,1
20055,1
20056,1
20057,1
20058,1
20059,1
20060,0
20061,1
20062,1
20063,1
20064,1
20065,1
20066,1
20067,1
20068,0
20069,1
20070,1
20071,1
20072,1
20073,1
20074,1
20075,1
20076,1
20077,1
20078,1
20079,0
20080,1
20081,1
20082,1
20083,1
20084,0
20085,1
20086,1
20087,1
20088,1
20089,1
20090,0
20091,0
20092,1
20093,1
20094,0
20095,1
20096,1
20097,1
20098,1
20099,0
20100,0
20101,1
20102,0
20103,0
20104,1
20105,0
20106,0
20107,1
20108,1
20109,0
20110,0
20111,0
20112,0
20113,0
20114,0
20115,0
20116,0
20117,0
20118,0
20119,0
20120,0
20121,0
20122,0
20123,0
20124,0
20125,0
20126,0
20127,0
20128,0
20129,0
20130,0
20131,0
20132,0
20133,0
20134,0
20135,0
20136,0
20137,0
20138,0
20139,0
20140,0
20141,0
20142,0
20143,0
20144,0
20145,0
20146,0
20147,0
20148,0
20149,0
20150,0
20151,0
20152,0
20153,0
20154,0
20155,0
20156,0
20157,0
20158,0
20159,0
20160,0
20161,0
20162,0
20163,0
20164,0
20165,0
20166,0
20167,0
20168,0
20169,0
20170,0
20171,0
20172,0
20173,0
20174,0
20175,0
20176,0
20177,0
20178,0
20179,0
20180,0
20181,0
20182,0
20183,0
20184,0
20185,0
20186,0
20187,0
20188,0
20189,0
20190,0
20191,0
20192,0
20193,0
20194,0
20195,0
20196,0
20197,0
20198,0
20199,0
20200,0
20201,0
20202,0
20203,0
20204,0
20205,0
20206,0
20207,0
20208,0
20209,0
20210,0
20211,0
20212,0
20213,0
20214,0
20215,0
20216,0
20217,0
20218,0
20219,0
20220,0
20221,0
20222,0
20223,0
20224,0
20225,0
20226,0
20227,0
20228,0
20229,0
20230,0
20231,0
20232,0
20233,0
20234,0
20235,0
20236,0
20237,0
20238,0
20239,0
20240,0
20241,0
20242,0
20243,0
20244,0
20245,0
20246,0
20247,0
20248,0
20249,0
20250,0
20251,0
20252,0
20253,0
20254,0
20255,0
20256,0
20257,0
20258,0
20259,0
20260,0
20261,0
20262,0
20263,0
20264,0
20265,0
20266,0
20267,0
20268,0
20269,0
20270,0
20271,0
20272,0
20273,0
20274,0
20275,0
20276,0
20277,0
20278,0
20279,0
20280,0
20281,0
20282,0
20283,0
20284,0
20285,0
20286,0
20287,0
20288,0
20289,0
20290,0
20291,0
20292,0
20293,0
20294,0
20295,0
20296,0
20297,0
20298,0
20299,0
20300,0
20301,0
20302,0
20303,0
20304,0
20305,0
20306,0
20307,0
20308,0
20309,0
20310,0
20311,0
20312,0
20313,0
20314,0
20315,0
20316,0
20317,0
20318,0
20319,0
20320,0
20321,0
20322,0
20323,0
20324,0
20325,0
20326,0
20327,0
20328,0
20329,0
20330,0
20331,0
20332,0
20333,0
20334,0
20335,0
20336,0
20337,0
20338,0
20339,0
20340,0
20341,0
20342,0
20343,0
20344,0
20345,0
20346,0
20347,0
20348,0
20349,0
20350,0
20351,0
20352,0
20353,0
20354,0
20355,0
20356,0
20357,0
20358,0
20359,0
20360,0
20361,0
20362,0
20363,0
20364,0
20365,0
20366,0
20367,0
20368,0
20369,0
20370,0
20371,0
20372,0
20373,0
20374,0
20375,0
20376,0
20377,0
20378,0
20379,0
20380,0
20381,0
20382,0
20383,0
20384,0
20385,0
20386,1
20387,0
20388,0
20389,0
20390,1
20391,0
20392,0
20393,0
20394,0
20395,1
20396,0
20397,0
20398,1
20399,1
20400,0
20401,0
20402,0
20403,1
20404,1
20405,0
20406,1
20407,0
20408,0
20409,1
20410,0
20411,0
20412,0
20413,0
20414,1
20415,1
20416,0
20417,0
20418,0
20419,1
20420,1
20421,1
20422,1
20423,1
20424,1
20425,1
20426,1
20427,1
20428,1
20429,0
20430,0
20431,1
20432,1
20433,1
20434,1
20435,0
20436,1
20437,1
20438,0
20439,0
20440,0
20441,0
20442,0
20443,0
20444,1
20445,1
20446,1
20447,1
20448,0
20449,1
20450,1
20451,1
20452,0
20453,0
20454,1
20455,1
20456,0
20457,1
20458,1
20459,1
20460,1
20461,1
20462,0
20463,1
20464,1
20465,1
20466,1
20467,0
20468,1
20469,0
20470,1
20471,1
20472,1
20473,1
20474,0
20475,1
20476,1
20477,0
20478,1
20479,0
20480,0
20481,0
20482,1
20483,0
20484,1
20485,1
20486,1
20487,1
20488,1
20489,1
20490,1
20491,1
20492,1
20493,1
20494,1
20495,1
20496,1
20497,1
20498,1
20499,0
20500,1
20501,1
20502,0
20503,1
20504,1
20505,1
20506,1
20507,1
20508,1
20509,1
20510,1
20511,1
20512,1
20513,0
20514,1
20515,1
20516,1
20517,1
20518,1
20519,1
20520,1
20521,1
20522,1
20523,1
20524,1
20525,1
20526,1
20527,0
20528,1
20529,0
20530,1
20531,1
20532,1
20533,1
20534,1
20535,1
20536,1
20537,1
20538,1
20539,1
20540,1
20541,1
20542,0
20543,1
20544,1
20545,1
20546,1
20547,1
20548,1
20549,1
20550,1
20551,1
20552,1
20553,1
20554,1
20555,1
20556,1
20557,1
20558,1
20559,1
20560,1
20561,1
20562,1
20563,1
20564,1
20565,1
20566,1
20567,1
20568,1
20569,1
20570,1
20571,1
20572,1
20573,1
20574,1
20575,1
20576,1
20577,1
20578,1
20579,1
20580,1
20581,1
20582,0
20583,1
20584,1
20585,1
20586,1
20587,1
20588,1
20589,1
20590,1
20591,1
20592,1
20593,1
20594,1
20595,1
20596,1
20597,1
20598,1
20599,1
20600,1
20601,1
20602,1
20603,1
20604,1
20605,1
20606,1
20607,1
20608,1
20609,1
20610,1
20611,1
20612,1
20613,1
20614,1
20615,1
20616,1
20617,1
20618,1
20619,1
20620,1
20621,1
20622,1
20623,1
20624,1
20625,1
20626,1
20627,1
20628,1
20629,1
20630,1
20631,1
20632,0
20633,1
20634,1
20635,1
20636,1
20637,1
20638,1
20639,1
20640,1
20641,1
20642,1
20643,1
20644,1
20645,0
20646,1
20647,1
20648,1
20649,1
20650,1
20651,1
20652,1
20653,1
20654,1
20655,1
20656,1
20657,1
20658,1
20659,1
20660,1
20661,1
20662,1
20663,1
20664,1
20665,1
20666,1
20667,1
20668,1
20669,1
20670,1
20671,1
20672,1
20673,1
20674,0
20675,0
20676,1
20677,1
20678,1
20679,1
20680,1
20681,1
20682,1
20683,1
20684,1
20685,1
20686,1
20687,1
20688,0
20689,1
20690,1
20691,1
20692,1
20693,0
20694,1
20695,1
20696,1
20697,1
20698,1
20699,1
20700,1
20701,1
20702,1
20703,0
20704,1
20705,1
20706,1
20707,1
20708,1
20709,1
20710,1
20711,1
20712,1
20713,1
20714,1
20715,0
20716,1
20717,1
20718,1
20719,0
20720,1
20721,1
20722,1
20723,1
20724,1
20725,1
20726,0
20727,0
20728,1
20729,1
20730,0
20731,1
20732,1
20733,1
20734,1
20735,0
20736,1
20737,1
20738,1
20739,1
20740,0
20741,1
20742,1
20743,0
20744,1
20745,1
20746,0
20747,1
20748,1
20749,0
20750,1
20751,1
20752,1
20753,1
20754,0
20755,1
20756,1
20757,1
20758,1
20759,0
20760,1
20761,0
20762,1
20763,1
20764,0
20765,0
20766,0
20767,1
20768,0
20769,0
20770,0
20771,1
20772,1
20773,1
20774,0
20775,1
20776,0
20777,0
20778,1
20779,0
20780,1
20781,0
20782,0
20783,0
20784,0
20785,0
20786,0
20787,0
20788,0
20789,0
20790,0
20791,0
20792,0
20793,0
20794,0
20795,0
20796,1
20797,0
20798,0
20799,0
20800,0
20801,0
20802,0
20803,0
20804,0
20805,0
20806,0
20807,0
20808,0
20809,0
20810,0
20811,0
20812,0
20813,0
20814,0
20815,0
20816,0
20817,0
20818,0
20819,0
20820,0
20821,0
20822,0
20823,0
20824,0
20825,0
20826,0
20827,0
20828,0
20829,0
20830,0
20831,0
20832,0
20833,0
20834,0
20835,0
20836,0
20837,0
20838,0
20839,0
20840,0
20841,0
20842,0
20843,0
20844,0
20845,0
20846,0
20847,0
20848,0
20849,0
20850,0
20851,0
20852,0
20853,0
20854,0
20855,0
20856,0
20857,0
20858,0
20859,0
20860,0
20861,0
20862,0
20863,0
20864,0
20865,0
20866,0
20867,0
20868,0
20869,0
20870,0
20871,0
20872,0
20873,0
20874,0
20875,0
20876,0
20877,0
20878,0
20879,0
20880,0
20881,0
20882,0
20883,0
20884,0
20885,0
20886,0
20887,0
20888,0
20889,0
20890,0
20891,0
20892,0
20893,0
20894,0
20895,0
20896,0
20897,0
20898,0
20899,0
20900,0
20901,0
20902,0
20903,0
20904,0
20905,0
20906,0
20907,0
20908,0
20909,0
20910,0
20911,0
20912,0
20913,0
20914,0
20915,0
20916,0
20917,0
20918,0
20919,0
20920,0
20921,0
20922,0
20923,0
20924,0
20925,0
20926,0
20927,0
20928,0
20929,0
20930,0
20931,0
20932,0
20933,0
20934,0
20935,0
20936,0
20937,0
20938,0
20939,0
20940,0
20941,0
20942,0
20943,0
20944,0
20945,0
20946,0
20947,0
20948,0
20949,0
20950,0
20951,0
20952,0
20953,0
20954,0
20955,0
20956,0
20957,0
20958,0
20959,0
20960,0
20961,0
20962,0
20963,0
20964,0
20965,0
20966,0
20967,0
20968,0
20969,0
20970,0
20971,0
20972,0
20973,0
20974,0
20975,0
20976,0
20977,0
20978,0
20979,0
20980,0
20981,0
20982,0
20983,0
20984,0
20985,0
20986,0
20987,0
20988,0
20989,0
20990,0
20991,0
20992,0
20993,0
20994,0
20995,0
20996,0
20997,0
20998,0
20999,0
21000,0
21001,0
21002,0
21003,0
21004,0
21005,0
21006,0
21007,0
21008,0
21009,0
21010,0
21011,0
21012,0
21013,0
21014,0
21015,1
21016,0
21017,0
21018,0
21019,0
21020,1
21021,0
21022,0
21023,1
21024,0
21025,0
21026,0
21027,0
21028,0
21029,0
21030,0
21031,1
21032,0
21033,0
21034,0
21035,0
21036,0
21037,0
21038,0
21039,1
21040,1
21041,1
21042,0
21043,0
21044,1
21045,0
21046,0
21047,0
21048,1
21049,1
21050,1
21051,0
21052,1
21053,0
21054,0
21055,0
21056,0
21057,0
21058,0
21059,0
21060,0
21061,0
21062,0
21063,1
21064,0
21065,0
21066,1
21067,1
21068,0
21069,1
21070,1
21071,0
21072,1
21073,1
21074,1
21075,0
21076,0
21077,0
21078,1
21079,1
21080,1
21081,1
21082,0
21083,0
21084,1
21085,0
21086,0
21087,1
21088,0
21089,1
21090,1
21091,1
21092,1
21093,1
21094,1
21095,0
21096,0
21097,0
21098,1
21099,1
21100,1
21101,0
21102,1
21103,0
21104,1
21105,1
21106,1
21107,1
21108,1
21109,1
21110,1
21111,0
21112,1
21113,1
21114,1
21115,1
21116,1
21117,1
21118,1
21119,1
21120,1
21121,1
21122,1
21123,1
21124,0
21125,0
21126,0
21127,1
21128,1
21129,1
21130,1
21131,1
21132,1
21133,1
21134,1
21135,1
21136,0
21137,1
21138,1
21139,1
21140,1
21141,1
21142,1
21143,1
21144,1
21145,1
21146,1
21147,1
21148,1
21149,1
21150,1
21151,1
21152,1
21153,1
21154,1
21155,1
21156,1
21157,1
21158,1
21159,1
21160,0
21161,1
21162,1
21163,1
21164,1
21165,1
21166,1
21167,1
21168,1
21169,1
21170,1
21171,1
21172,1
21173,1
21174,1
21175,0
21176,0
21177,1
21178,1
21179,1
21180,1
21181,0
21182,1
21183,1
21184,1
21185,1
21186,1
21187,1
21188,1
21189,1
21190,1
21191,1
21192,1
21193,1
21194,1
21195,0
21196,1
21197,1
21198,1
21199,1
21200,0
21201,1
21202,1
21203,1
21204,0
21205,1
21206,1
21207,1
21208,0
21209,1
21210,1
21211,1
21212,1
21213,1
21214,1
21215,1
21216,1
21217,1
21218,1
21219,1
21220,1
21221,1
21222,1
21223,1
21224,1
21225,1
21226,1
21227,1
21228,1
21229,1
21230,1
21231,1
21232,1
21233,1
21234,1
21235,1
21236,1
21237,1
21238,1
21239,1
21240,1
21241,1
21242,1
21243,1
21244,1
21245,1
21246,1
21247,1
21248,1
21249,1
21250,1
21251,1
21252,1
21253,1
21254,1
21255,1
21256,1
21257,1
21258,0
21259,1
21260,1
21261,1
21262,1
21263,1
21264,1
21265,0
21266,1
21267,1
21268,1
21269,1
21270,1
21271,1
21272,1
21273,1
21274,1
21275,1
21276,1
21277,1
21278,1
21279,1
21280,1
21281,1
21282,1
21283,1
21284,1
21285,1
21286,1
21287,1
21288,1
21289,1
21290,1
21291,1
21292,1
21293,1
21294,1
21295,1
21296,1
21297,1
21298,1
21299,1
21300,1
21301,1
21302,1
21303,1
21304,1
21305,0
21306,1
21307,1
21308,1
21309,1
21310,1
21311,1
21312,1
21313,1
21314,1
21315,1
21316,1
21317,1
21318,1
21319,1
21320,1
21321,1
21322,1
21323,1
21324,1
21325,1
21326,1
21327,1
21328,1
21329,1
21330,1
21331,1
21332,1
21333,1
21334,1
21335,1
21336,1
21337,1
21338,1
21339,1
21340,1
21341,1
21342,1
21343,1
21344,1
21345,1
21346,1
21347,1
21348,1
21349,1
21350,1
21351,0
21352,1
21353,1
21354,1
21355,1
21356,1
21357,1
21358,1
21359,1
21360,0
21361,1
21362,1
21363,1
21364,1
21365,1
21366,1
21367,1
21368,1
21369,1
21370,1
21371,0
21372,0
21373,1
21374,1
21375,1
21376,1
21377,0
21378,1
21379,0
21380,1
21381,1
21382,1
21383,1
21384,1
21385,1
21386,0
21387,1
21388,1
21389,1
21390,1
21391,1
21392,1
21393,1
21394,1
21395,1
21396,1
21397,1
21398,0
21399,1
21400,1
21401,1
21402,1
21403,1
21404,1
21405,1
21406,1
21407,1
21408,0
21409,1
21410,1
21411,1
21412,1
21413,1
21414,1
21415,0
21416,1
21417,0
21418,1
21419,0
21420,1
21421,1
21422,0
21423,1
21424,1
21425,1
21426,1
21427,1
21428,1
21429,1
21430,1
21431,0
21432,0
21433,1
21434,0
21435,0
21436,1
21437,1
21438,1
21439,1
21440,1
21441,1
21442,1
21443,0
21444,1
21445,0
21446,1
21447,1
21448,1
21449,0
21450,0
21451,0
21452,1
21453,0
21454,1
21455,0
21456,1
21457,0
21458,1
21459,0
21460,1
21461,0
21462,0
21463,0
21464,0
21465,0
21466,1
21467,0
21468,0
21469,0
21470,0
21471,0
21472,1
21473,1
21474,0
21475,0
21476,0
21477,0
21478,0
21479,0
21480,0
21481,0
21482,0
21483,0
21484,0
21485,0
21486,0
21487,0
21488,0
21489,0
21490,0
21491,0
21492,0
21493,0
21494,0
21495,0
21496,0
21497,0
21498,0
21499,0
21500,0
21501,0
21502,0
21503,0
21504,0
21505,0
21506,0
21507,0
21508,0
21509,0
21510,0
21511,0
21512,0
21513,0
21514,0
21515,0
21516,0
21517,0
21518,0
21519,0
21520,0
21521,0
21522,0
21523,0
21524,0
21525,0
21526,0
21527,0
21528,0
21529,0
21530,0
21531,0
21532,0
21533,0
21534,0
21535,0
21536,0
21537,0
21538,0
21539,0
21540,0
21541,0
21542,0
21543,0
21544,0
21545,0
21546,0
21547,0
21548,0
21549,0
21550,0
21551,0
21552,0
21553,0
21554,0
21555,0
21556,0
21557,0
21558,0
21559,0
21560,0
21561,0
21562,0
21563,0
21564,0
21565,0
21566,0
21567,0
21568,0
21569,0
21570,0
21571,0
21572,0
21573,0
21574,0
21575,0
21576,0
21577,0
21578,0
21579,0
21580,0
21581,0
21582,0
21583,0
21584,0
21585,0
21586,0
21587,0
21588,0
21589,0
21590,0
21591,0
21592,0
21593,0
21594,0
21595,0
21596,0
21597,0
21598,0
21599,0
21600,0
21601,0
21602,0
21603,0
21604,0
21605,0
21606,0
21607,0
21608,0
21609,0
21610,0
21611,0
21612,0
21613,0
21614,0
21615,0
21616,0
21617,0
21618,0
21619,0
21620,0
21621,0
21622,0
21623,0
21624,0
21625,0
21626,0
21627,0
21628,0
21629,0
21630,0
21631,0
21632,0
21633,0
21634,0
21635,0
21636,0
21637,0
21638,0
21639,0
21640,0
21641,0
21642,0
21643,0
21644,0
21645,0
21646,0
21647,0
21648,0
21649,0
21650,0
21651,0
21652,0
21653,0
21654,0
21655,0
21656,0
21657,0
21658,0
21659,0
21660,0
21661,0
21662,0
21663,0
21664,0
21665,0
21666,0
21667,0
21668,0
21669,0
21670,0
21671,0
21672,0
21673,0
21674,0
21675,0
21676,0
21677,0
21678,0
21679,0
21680,0
21681,0
21682,0
21683,0
21684,0
21685,0
21686,0
21687,0
21688,0
21689,0
21690,0
21691,0
21692,0
21693,0
21694,0
21695,0
21696,0
21697,0
21698,0
21699,0
21700,0
21701,0
21702,0
21703,0
21704,0
21705,0
21706,0
21707,0
21708,0
21709,0
21710,0
21711,0
21712,0
21713,0
21714,0
21715,0
21716,0
21717,0
21718,0
21719,0
21720,1
21721,0
21722,0
21723,0
21724,0
21725,0
21726,1
21727,0
21728,0
21729,1
21730,0
21731,0
21732,0
21733,0
21734,0
21735,1
21736,0
21737,0
21738,1
21739,1
21740,0
21741,0
21742,1
21743,0
21744,0
21745,0
21746,1
21747,1
21748,1
21749,1
21750,0
21751,0
21752,1
21753,0
21754,1
21755,0
21756,1
21757,1
21758,0
21759,0
21760,1
21761,0
21762,0
21763,0
21764,1
21765,0
21766,0
21767,0
21768,1
21769,1
21770,1
21771,1
21772,1
21773,0
21774,1
21775,1
21776,0
21777,0
21778,1
21779,0
21780,1
21781,1
21782,1
21783,1
21784,1
21785,0
21786,1
21787,0
21788,1
21789,1
21790,1
21791,1
21792,1
21793,1
21794,1
21795,0
21796,1
21797,1
21798,1
21799,1
21800,0
21801,1
21802,0
21803,0
21804,1
21805,1
21806,1
21807,1
21808,1
21809,0
21810,0
21811,1
21812,0
21813,1
21814,1
21815,1
21816,1
21817,1
21818,1
21819,1
21820,1
21821,1
21822,1
21823,1
21824,1
21825,1
21826,0
21827,1
21828,0
21829,1
21830,1
21831,1
21832,0
21833,1
21834,1
21835,1
21836,1
21837,1
21838,1
21839,1
21840,1
21841,0
21842,1
21843,1
21844,1
21845,1
21846,1
21847,1
21848,1
21849,1
21850,1
21851,1
21852,1
21853,1
21854,1
21855,1
21856,1
21857,1
21858,1
21859,1
21860,0
21861,1
21862,1
21863,1
21864,1
21865,0
21866,1
21867,0
21868,1
21869,1
21870,1
21871,1
21872,1
21873,0
21874,1
21875,1
21876,1
21877,1
21878,1
21879,1
21880,1
21881,1
21882,1
21883,1
21884,1
21885,1
21886,1
21887,1
21888,0
21889,0
21890,1
21891,1
21892,1
21893,1
21894,1
21895,1
21896,1
21897,1
21898,1
21899,0
21900,1
21901,1
21902,1
21903,1
21904,1
21905,1
21906,1
21907,0
21908,1
21909,1
21910,1
21911,1
21912,1
21913,1
21914,1
21915,1
21916,1
21917,1
21918,1
21919,1
21920,1
21921,1
21922,1
21923,1
21924,1
21925,1
21926,1
21927,1
21928,1
21929,1
21930,1
21931,1
21932,1
21933,1
21934,1
21935,1
21936,1
21937,1
21938,1
21939,1
21940,1
21941,1
21942,1
21943,1
21944,1
21945,1
21946,1
21947,1
21948,1
21949,1
21950,1
21951,1
21952,1
21953,0
21954,1
21955,1
21956,0
21957,1
21958,1
21959,1
21960,1
21961,1
21962,1
21963,1
21964,1
21965,1
21966,1
21967,1
21968,1
21969,1
21970,1
21971,1
21972,1
21973,1
21974,1
21975,1
21976,1
21977,0
21978,1
21979,1
21980,1
21981,1
21982,1
21983,1
21984,1
21985,1
21986,1
21987,1
21988,1
21989,1
21990,1
21991,1
21992,1
21993,1
21994,1
21995,0
21996,1
21997,1
21998,1
21999,1
22000,1
22001,1
22002,1
22003,1
22004,1
22005,1
22006,1
22007,1
22008,1
22009,1
22010,1
22011,0
22012,0
22013,1
22014,1
22015,1
22016,1
22017,1
22018,1
22019,1
22020,1
22021,1
22022,1
22023,1
22024,1
22025,1
22026,1
22027,1
22028,1
22029,1
22030,1
22031,0
22032,1
22033,1
22034,1
22035,1
22036,1
22037,1
22038,1
22039,1
22040,1
22041,1
22042,1
22043,1
22044,1
22045,1
22046,1
22047,1
22048,1
22049,1
22050,1
22051,1
22052,1
22053,0
22054,1
22055,0
22056,1
22057,1
22058,1
22059,0
22060,1
22061,1
22062,1
22063,1
22064,1
22065,0
22066,1
22067,1
22068,1
22069,1
22070,1
22071,1
22072,1
22073,1
22074,1
22075,1
22076,1
22077,0
22078,0
22079,1
22080,1
22081,0
22082,1
22083,1
22084,1
22085,0
22086,1
22087,1
22088,1
22089,0
22090,1
22091,0
22092,0
22093,0
22094,1
22095,1
22096,1
22097,0
22098,1
22099,1
22100,0
22101,1
22102,0
22103,0
22104,0
22105,0
22106,0
22107,0
22108,0
22109,0
22110,0
22111,1
22112,0
22113,0
22114,0
22115,1
22116,0
22117,1
22118,0
22119,0
22120,0
22121,0
22122,1
22123,0
22124,0
22125,0
22126,0
22127,0
22128,0
22129,0
22130,0
22131,0
22132,0
22133,0
22134,0
22135,0
22136,0
22137,0
22138,0
22139,0
22140,0
22141,0
22142,0
22143,0
22144,0
22145,0
22146,0
22147,0
22148,0
22149,0
22150,0
22151,0
22152,0
22153,0
22154,0
22155,0
22156,0
22157,0
22158,0
22159,0
22160,0
22161,0
22162,0
22163,0
22164,0
22165,0
22166,0
22167,0
22168,0
22169,0
22170,0
22171,0
22172,0
22173,0
22174,0
22175,0
22176,0
22177,0
22178,0
22179,0
22180,0
22181,0
22182,0
22183,0
22184,0
22185,0
22186,0
22187,0
22188,0
22189,0
22190,0
22191,0
22192,0
22193,0
22194,0
22195,0
22196,0
22197,0
22198,0
22199,0
22200,0
22201,0
22202,0
22203,0
22204,0
22205,0
22206,0
22207,0
22208,0
22209,0
22210,0
22211,0
22212,0
22213,0
22214,0
22215,0
22216,0
22217,0
22218,0
22219,0
22220,0
22221,0
22222,0
22223,0
22224,0
22225,0
22226,0
22227,0
22228,0
22229,0
22230,0
22231,0
22232,0
22233,0
22234,0
22235,0
22236,0
22237,0
22238,0
22239,0
22240,0
22241,0
22242,0
22243,0
22244,0
22245,0
22246,0
22247,0
22248,0
22249,0
22250,0
22251,0
22252,0
22253,0
22254,0
22255,0
22256,0
22257,0
22258,0
22259,0
22260,0
22261,0
22262,0
22263,0
22264,0
22265,0
22266,0
22267,0
22268,0
22269,0
22270,0
22271,0
22272,0
22273,0
22274,0
22275,0
22276,0
22277,0
22278,0
22279,0
22280,0
22281,0
22282,0
22283,0
22284,0
22285,0
22286,0
22287,0
22288,0
22289,0
22290,0
22291,0
22292,0
22293,0
22294,0
22295,0
22296,0
22297,0
22298,0
22299,0
22300,0
22301,0
22302,0
22303,0
22304,0
22305,0
22306,0
22307,0
22308,0
22309,0
22310,0
22311,0
22312,0
22313,0
22314,0
22315,0
22316,0
22317,0
22318,0
22319,0
22320,0
22321,0
22322,0
22323,0
22324,0
22325,0
22326,0
22327,0
22328,0
22329,0
22330,0
22331,0
22332,0
22333,0
22334,0
22335,0
22336,0
22337,0
22338,0
22339,0
22340,0
22341,0
22342,0
22343,0
22344,0
22345,0
22346,1
22347,0
22348,1
22349,0
22350,0
22351,0
22352,0
22353,0
22354,0
22355,1
22356,0
22357,0
22358,0
22359,1
22360,0
22361,1
22362,1
22363,0
22364,0
22365,0
22366,0
22367,0
22368,0
22369,0
22370,0
22371,1
22372,0
22373,0
22374,1
22375,0
22376,1
22377,0
22378,0
22379,1
22380,1
22381,1
22382,0
22383,0
22384,1
22385,0
22386,0
22387,1
22388,1
22389,1
22390,0
22391,1
22392,0
22393,1
22394,0
22395,1
22396,1
22397,0
22398,0
22399,0
22400,1
22401,1
22402,1
22403,0
22404,0
22405,0
22406,0
22407,0
22408,1
22409,1
22410,1
22411,1
22412,0
22413,1
22414,0
22415,1
22416,1
22417,0
22418,1
22419,0
22420,1
22421,1
22422,0
22423,1
22424,0
22425,0
22426,1
22427,1
22428,1
22429,0
22430,0
22431,1
22432,0
22433,1
22434,1
22435,1
22436,0
22437,0
22438,0
22439,1
22440,1
22441,1
22442,1
22443,1
22444,1
22445,1
22446,1
22447,1
22448,0
22449,0
22450,0
22451,1
22452,1
22453,1
22454,1
22455,1
22456,1
22457,1
22458,1
22459,1
22460,0
22461,1
22462,1
22463,1
22464,1
22465,1
22466,1
22467,1
22468,1
22469,0
22470,1
22471,1
22472,1
22473,1
22474,1
22475,1
22476,1
22477,0
22478,1
22479,1
22480,0
22481,1
22482,0
22483,1
22484,0
22485,1
22486,0
22487,1
22488,0
22489,1
22490,1
22491,1
22492,1
22493,1
22494,1
22495,1
22496,1
22497,1
22498,0
22499,1
22500,1
22501,1
22502,1
22503,1
22504,1
22505,1
22506,1
22507,1
22508,1
22509,1
22510,1
22511,1
22512,1
22513,1
22514,1
22515,1
22516,1
22517,1
22518,0
22519,1
22520,1
22521,1
22522,1
22523,1
22524,1
22525,1
22526,1
22527,1
22528,1
22529,1
22530,1
22531,1
22532,1
22533,1
22534,1
22535,1
22536,1
22537,1
22538,1
22539,1
22540,1
22541,1
22542,1
22543,1
22544,1
22545,1
22546,1
22547,1
22548,1
22549,1
22550,1
22551,1
22552,1
22553,1
22554,1
22555,1
22556,1
22557,1
22558,1
22559,1
22560,1
22561,1
22562,1
22563,1
22564,1
22565,1
22566,1
22567,1
22568,1
22569,1
22570,1
22571,1
22572,1
22573,1
22574,1
22575,1
22576,1
22577,1
22578,1
22579,1
22580,1
22581,1
22582,0
22583,1
22584,1
22585,1
22586,1
22587,1
22588,1
22589,1
22590,1
22591,1
22592,1
22593,1
22594,1
22595,1
22596,1
22597,1
22598,1
22599,1
22600,1
22601,1
22602,1
22603,1
22604,1
22605,0
22606,1
22607,1
22608,1
22609,1
22610,1
22611,1
22612,1
22613,1
22614,1
22615,1
22616,1
22617,1
22618,1
22619,1
22620,1
22621,1
22622,1
22623,1
22624,0
22625,1
22626,1
22627,1
22628,1
22629,1
22630,1
22631,1
22632,1
22633,1
22634,1
22635,1
22636,1
22637,1
22638,1
22639,1
22640,1
22641,1
22642,1
22643,1
22644,1
22645,1
22646,1
22647,1
22648,1
22649,1
22650,1
22651,1
22652,1
22653,1
22654,1
22655,1
22656,1
22657,1
22658,1
22659,1
22660,1
22661,1
22662,1
22663,1
22664,1
22665,1
22666,1
22667,1
22668,1
22669,1
22670,1
22671,1
22672,1
22673,1
22674,1
22675,1
22676,1
22677,1
22678,1
22679,1
22680,1
22681,1
22682,1
22683,1
22684,1
22685,1
22686,1
22687,1
22688,1
22689,1
22690,1
22691,1
22692,1
22693,1
22694,1
22695,1
22696,0
22697,1
22698,1
22699,1
22700,1
22701,1
22702,1
22703,1
22704,1
22705,1
22706,1
22707,0
22708,1
22709,1
22710,1
22711,0
22712,1
22713,1
22714,1
22715,1
22716,1
22717,0
22718,1
22719,1
22720,1
22721,1
22722,1
22723,1
22724,1
22725,1
22726,1
22727,1
22728,1
22729,1
22730,1
22731,1
22732,1
22733,0
22734,1
22735,1
22736,0
22737,1
22738,1
22739,1
22740,1
22741,1
22742,1
22743,0
22744,1
22745,1
22746,1
22747,1
22748,1
22749,0
22750,1
22751,1
22752,1
22753,1
22754,1
22755,1
22756,0
22757,0
22758,1
22759,1
22760,0
22761,1
22762,0
22763,0
22764,0
22765,1
22766,1
22767,0
22768,1
22769,0
22770,1
22771,1
22772,1
22773,1
22774,0
22775,0
22776,0
22777,1
22778,1
22779,1
22780,1
22781,1
22782,0
22783,0
22784,1
22785,0
22786,0
22787,1
22788,1
22789,0
22790,0
22791,1
22792,1
22793,0
22794,1
22795,0
22796,0
22797,0
22798,1
22799,0
22800,0
22801,1
22802,0
22803,0
22804,0
22805,1
22806,0
22807,0
22808,0
22809,1
22810,0
22811,0
22812,0
22813,0
22814,0
22815,0
22816,0
22817,0
22818,0
22819,0
22820,0
22821,0
22822,0
22823,0
22824,0
22825,0
22826,0
22827,0
22828,0
22829,0
22830,0
22831,0
22832,0
22833,0
22834,0
22835,0
22836,0
22837,0
22838,0
22839,0
22840,0
22841,0
22842,0
22843,0
22844,0
22845,0
22846,0
22847,0
22848,0
22849,0
22850,0
22851,0
22852,0
22853,0
22854,0
22855,0
22856,0
22857,0
22858,0
22859,0
22860,0
22861,0
22862,0
22863,0
22864,0
22865,0
22866,0
22867,0
22868,0
22869,0
22870,0
22871,0
22872,0
22873,0
22874,0
22875,0
22876,0
22877,0
22878,0
22879,0
22880,0
22881,0
22882,0
22883,0
22884,0
22885,0
22886,0
22887,0
22888,0
22889,0
22890,0
22891,0
22892,0
22893,0
22894,0
22895,0
22896,0
22897,0
22898,0
22899,0
22900,0
22901,0
22902,0
22903,0
22904,0
22905,0
22906,0
22907,0
22908,0
22909,0
22910,0
22911,0
22912,0
22913,0
22914,0
22915,0
22916,0
22917,0
22918,0
22919,0
22920,0
22921,0
22922,0
22923,0
22924,0
22925,0
22926,0
22927,0
22928,0
22929,0
22930,0
22931,0
22932,0
22933,0
22934,0
22935,0
22936,0
22937,0
22938,0
22939,0
22940,0
22941,0
22942,0
22943,0
22944,0
22945,0
22946,0
22947,0
22948,0
22949,0
22950,0
22951,0
22952,0
22953,0
22954,0
22955,0
22956,0
22957,0
22958,0
22959,0
22960,0
22961,0
22962,0
22963,0
22964,0
22965,0
22966,0
22967,0
22968,0
22969,0
22970,0
22971,0
22972,0
22973,0
22974,0
22975,0
22976,0
22977,0
22978,0
22979,0
22980,0
22981,0
22982,0
22983,0
22984,0
22985,0
22986,0
22987,0
22988,0
22989,0
22990,0
22991,0
22992,0
22993,0
22994,0
22995,0
22996,0
22997,0
22998,0
22999,0
23000,0
23001,0
23002,0
23003,0
23004,0
23005,0
23006,0
23007,0
23008,0
23009,0
23010,0
23011,0
23012,0
23013,0
23014,0
23015,0
23016,0
23017,0
23018,0
23019,0
23020,0
23021,0
23022,0
23023,0
23024,0
23025,0
23026,0
23027,0
23028,0
23029,0
23030,0
23031,0
23032,0
23033,0
23034,0
23035,0
23036,0
23037,0
23038,0
23039,0
23040,0
23041,0
23042,0
23043,0
23044,0
23045,0
23046,0
23047,0
23048,0
23049,1
23050,0
23051,0
23052,0
23053,0
23054,0
23055,0
23056,0
23057,1
23058,0
23059,1
23060,0
23061,0
23062,0
23063,0
23064,1
23065,0
23066,1
23067,0
23068,0
23069,0
23070,1
23071,0
23072,0
23073,0
23074,1
23075,1
23076,1
23077,0
23078,1
23079,0
23080,1
23081,1
23082,0
23083,1
23084,0
23085,1
23086,1
23087,1
23088,1
23089,0
23090,0
23091,0
23092,0
23093,0
23094,0
23095,1
23096,0
23097,1
23098,0
23099,1
23100,1
23101,0
23102,1
23103,0
23104,1
23105,0
23106,1
23107,1
23108,1
23109,1
23110,0
23111,1
23112,0
23113,1
23114,0
23115,1
23116,1
23117,0
23118,0
23119,0
23120,1
23121,0
23122,1
23123,1
23124,1
23125,1
23126,1
23127,1
23128,0
23129,1
23130,1
23131,1
23132,1
23133,1
23134,1
23135,1
23136,1
23137,1
23138,0
23139,1
23140,1
23141,1
23142,1
23143,1
23144,1
23145,1
23146,1
23147,1
23148,1
23149,1
23150,1
23151,1
23152,1
23153,1
23154,0
23155,1
23156,1
23157,1
23158,0
23159,1
23160,1
23161,1
23162,1
23163,1
23164,1
23165,1
23166,1
23167,1
23168,1
23169,1
23170,0
23171,1
23172,1
23173,1
23174,1
23175,1
23176,0
23177,1
23178,1
23179,1
23180,1
23181,1
23182,1
23183,1
23184,1
23185,1
23186,1
23187,0
23188,0
23189,1
23190,1
23191,1
23192,1
23193,1
23194,1
23195,1
23196,0
23197,0
23198,1
23199,1
23200,1
23201,1
23202,0
23203,1
23204,1
23205,1
23206,1
23207,1
23208,1
23209,1
23210,1
23211,1
23212,1
23213,1
23214,0
23215,1
23216,1
23217,0
23218,1
23219,0
23220,1
23221,0
23222,1
23223,1
23224,1
23225,1
23226,0
23227,1
23228,1
23229,1
23230,1
23231,1
23232,1
23233,1
23234,1
23235,1
23236,0
23237,1
23238,1
23239,0
23240,1
23241,1
23242,1
23243,1
23244,1
23245,1
23246,1
23247,1
23248,1
23249,1
23250,0
23251,1
23252,1
23253,1
23254,1
23255,1
23256,0
23257,1
23258,1
23259,1
23260,1
23261,1
23262,1
23263,1
23264,1
23265,1
23266,1
23267,1
23268,0
23269,1
23270,0
23271,1
23272,1
23273,1
23274,1
23275,0
23276,1
23277,1
23278,1
23279,1
23280,1
23281,1
23282,1
23283,1
23284,1
23285,1
23286,1
23287,1
23288,1
23289,0
23290,1
23291,1
23292,1
23293,1
23294,1
23295,1
23296,1
23297,1
23298,1
23299,1
23300,1
23301,1
23302,1
23303,1
23304,1
23305,1
23306,1
23307,1
23308,1
23309,1
23310,1
23311,1
23312,1
23313,1
23314,1
23315,1
23316,1
23317,1
23318,1
23319,1
23320,1
23321,1
23322,1
23323,1
23324,1
23325,1
23326,1
23327,1
23328,1
23329,1
23330,1
23331,1
23332,1
23333,1
23334,1
23335,1
23336,1
23337,1
23338,1
23339,1
23340,1
23341,0
23342,1
23343,1
23344,1
23345,0
23346,1
23347,0
23348,1
23349,1
23350,1
23351,1
23352,1
23353,0
23354,1
23355,1
23356,1
23357,0
23358,1
23359,1
23360,1
23361,0
23362,1
23363,0
23364,1
23365,1
23366,1
23367,0
23368,1
23369,1
23370,1
23371,1
23372,1
23373,1
23374,1
23375,1
23376,1
23377,1
23378,1
23379,1
23380,1
23381,1
23382,0
23383,1
23384,1
23385,1
23386,1
23387,1
23388,1
23389,1
23390,1
23391,1
23392,1
23393,1
23394,1
23395,1
23396,1
23397,0
23398,1
23399,1
23400,1
23401,1
23402,0
23403,1
23404,1
23405,1
23406,1
23407,1
23408,1
23409,1
23410,1
23411,1
23412,1
23413,0
23414,1
23415,1
23416,1
23417,0
23418,0
23419,1
23420,0
23421,0
23422,0
23423,1
23424,1
23425,1
23426,1
23427,0
23428,1
23429,1
23430,1
23431,1
23432,0
23433,0
23434,1
23435,0
23436,0
23437,1
23438,1
23439,0
23440,1
23441,1
23442,0
23443,0
23444,0
23445,0
23446,0
23447,1
23448,1
23449,1
23450,0
23451,0
23452,1
23453,0
23454,0
23455,0
23456,0
23457,1
23458,0
23459,0
23460,1
23461,0
23462,0
23463,0
23464,0
23465,0
23466,0
23467,0
23468,0
23469,0
23470,0
23471,0
23472,0
23473,0
23474,0
23475,0
23476,0
23477,0
23478,0
23479,0
23480,0
23481,0
23482,0
23483,0
23484,0
23485,0
23486,0
23487,0
23488,0
23489,0
23490,0
23491,0
23492,0
23493,0
23494,0
23495,0
23496,0
23497,0
23498,0
23499,0
23500,0
23501,0
23502,0
23503,0
23504,0
23505,0
23506,0
23507,0
23508,0
23509,0
23510,0
23511,0
23512,0
23513,0
23514,0
23515,0
23516,0
23517,0
23518,0
23519,0
23520,0
23521,0
23522,0
23523,0
23524,0
23525,0
23526,0
23527,0
23528,0
23529,0
23530,0
23531,0
23532,0
23533,0
23534,0
23535,0
23536,0
23537,0
23538,0
23539,0
23540,0
23541,0
23542,0
23543,0
23544,0
23545,0
23546,0
23547,0
23548,0
23549,0
23550,0
23551,0
23552,0
23553,0
23554,0
23555,0
23556,0
23557,0
23558,0
23559,0
23560,0
23561,0
23562,0
23563,0
23564,0
23565,0
23566,0
23567,0
23568,0
23569,0
23570,0
23571,0
23572,0
23573,0
23574,0
23575,0
23576,0
23577,0
23578,0
23579,0
23580,0
23581,0
23582,0
23583,0
23584,0
23585,0
23586,0
23587,0
23588,0
23589,0
23590,0
23591,0
23592,0
23593,0
23594,0
23595,0
23596,0
23597,0
23598,0
23599,0
23600,0
23601,0
23602,0
23603,0
23604,0
23605,0
23606,0
23607,0
23608,0
23609,0
23610,0
23611,0
23612,0
23613,0
23614,0
23615,0
23616,0
23617,0
23618,0
23619,0
23620,0
23621,0
23622,0
23623,0
23624,0
23625,0
23626,0
23627,0
23628,0
23629,0
23630,0
23631,0
23632,0
23633,0
23634,0
23635,0
23636,0
23637,0
23638,0
23639,0
23640,0
23641,0
23642,0
23643,0
23644,0
23645,0
23646,0
23647,0
23648,0
23649,0
23650,0
23651,0
23652,0
23653,0
23654,0
23655,0
23656,0
23657,0
23658,0
23659,0
23660,0
23661,0
23662,0
23663,0
23664,0
23665,0
23666,0
23667,0
23668,0
23669,0
23670,0
23671,0
23672,0
23673,0
23674,0
23675,0
23676,0
23677,0
23678,0
23679,0
23680,0
23681,0
23682,0
23683,0
23684,0
23685,0
23686,0
23687,0
23688,0
23689,0
23690,0
23691,0
23692,1
23693,0
23694,0
23695,1
23696,0
23697,0
23698,0
23699,0
23700,0
23701,0
23702,1
23703,1
23704,1
23705,1
23706,1
23707,0
23708,1
23709,0
23710,1
23711,0
23712,0
23713,1
23714,0
23715,0
23716,0
23717,1
23718,0
23719,0
23720,0
23721,0
23722,1
23723,1
23724,0
23725,0
23726,0
23727,0
23728,1
23729,0
23730,0
23731,1
23732,1
23733,1
23734,0
23735,0
23736,1
23737,1
23738,1
23739,0
23740,1
23741,0
23742,0
23743,1
23744,0
23745,1
23746,0
23747,0
23748,1
23749,1
23750,0
23751,0
23752,1
23753,0
23754,1
23755,1
23756,0
23757,1
23758,0
23759,1
23760,1
23761,0
23762,0
23763,1
23764,1
23765,1
23766,1
23767,1
23768,0
23769,1
23770,0
23771,1
23772,0
23773,0
23774,1
23775,0
23776,1
23777,1
23778,1
23779,1
23780,0
23781,1
23782,0
23783,0
23784,1
23785,1
23786,1
23787,0
23788,1
23789,1
23790,1
23791,1
23792,1
23793,1
23794,1
23795,1
23796,1
23797,0
23798,0
23799,1
23800,1
23801,1
23802,0
23803,1
23804,1
23805,1
23806,1
23807,1
23808,1
23809,1
23810,0
23811,1
23812,0
23813,0
23814,1
23815,1
23816,1
23817,1
23818,1
23819,1
23820,1
23821,1
23822,0
23823,1
23824,1
23825,1
23826,0
23827,0
23828,1
23829,1
23830,1
23831,1
23832,1
23833,0
23834,1
23835,1
23836,1
23837,1
23838,1
23839,1
23840,1
23841,1
23842,0
23843,1
23844,1
23845,1
23846,0
23847,1
23848,1
23849,1
23850,1
23851,1
23852,1
23853,1
23854,1
23855,1
23856,1
23857,1
23858,1
23859,1
23860,1
23861,1
23862,1
23863,1
23864,1
23865,0
23866,1
23867,1
23868,1
23869,1
23870,1
23871,1
23872,1
23873,1
23874,1
23875,1
23876,0
23877,1
23878,1
23879,1
23880,1
23881,1
23882,1
23883,0
23884,1
23885,1
23886,1
23887,1
23888,1
23889,1
23890,1
23891,1
23892,1
23893,1
23894,1
23895,1
23896,1
23897,1
23898,1
23899,1
23900,1
23901,1
23902,1
23903,1
23904,1
23905,1
23906,1
23907,1
23908,1
23909,1
23910,1
23911,1
23912,1
23913,1
23914,1
23915,1
23916,1
23917,1
23918,1
23919,1
23920,1
23921,1
23922,1
23923,1
23924,1
23925,1
23926,1
23927,0
23928,1
23929,1
23930,1
23931,1
23932,0
23933,1
23934,1
23935,1
23936,1
23937,1
23938,1
23939,1
23940,1
23941,1
23942,1
23943,1
23944,1
23945,1
23946,1
23947,1
23948,1
23949,1
23950,1
23951,1
23952,1
23953,1
23954,1
23955,1
23956,1
23957,1
23958,1
23959,1
23960,1
23961,1
23962,1
23963,1
23964,1
23965,1
23966,1
23967,1
23968,1
23969,1
23970,1
23971,1
23972,1
23973,1
23974,1
23975,1
23976,1
23977,1
23978,1
23979,1
23980,1
23981,1
23982,1
23983,1
23984,1
23985,1
23986,1
23987,1
23988,1
23989,1
23990,1
23991,1
23992,1
23993,1
23994,1
23995,1
23996,1
23997,1
23998,1
23999,1
24000,1
24001,1
24002,1
24003,1
24004,1
24005,1
24006,1
24007,1
24008,1
24009,1
24010,1
24011,1
24012,0
24013,1
24014,1
24015,1
24016,1
24017,1
24018,1
24019,1
24020,1
24021,1
24022,1
24023,1
24024,1
24025,0
24026,1
24027,1
24028,1
24029,1
24030,1
24031,1
24032,1
24033,1
24034,1
24035,1
24036,1
24037,1
24038,1
24039,0
24040,1
24041,1
24042,1
24043,1
24044,1
24045,1
24046,1
24047,1
24048,1
24049,1
24050,1
24051,0
24052,1
24053,1
24054,0
24055,1
24056,1
24057,1
24058,1
24059,0
24060,1
24061,1
24062,1
24063,1
24064,1
24065,1
24066,1
24067,1
24068,0
24069,1
24070,0
24071,1
24072,1
24073,1
24074,1
24075,1
24076,1
24077,0
24078,1
24079,1
24080,1
24081,1
24082,1
24083,1
24084,1
24085,1
24086,1
24087,1
24088,1
24089,0
24090,1
24091,1
24092,1
24093,1
24094,1
24095,1
24096,1
24097,1
24098,1
24099,0
24100,1
24101,0
24102,1
24103,1
24104,1
24105,1
24106,1
24107,1
24108,1
24109,1
24110,1
24111,1
24112,1
24113,1
24114,1
24115,1
24116,1
24117,1
24118,1
24119,1
24120,1
24121,1
24122,0
24123,0
24124,1
24125,1
24126,1
24127,1
24128,1
24129,1
24130,0
24131,1
24132,1
24133,0
24134,1
24135,1
24136,0
24137,1
24138,1
24139,0
24140,0
24141,0
24142,1
24143,1
24144,0
24145,0
24146,0
24147,1
24148,1
24149,0
24150,0
24151,0
24152,1
24153,1
24154,0
24155,0
24156,0
24157,0
24158,0
24159,0
24160,0
24161,0
24162,0
24163,0
24164,0
24165,0
24166,0
24167,0
24168,0
24169,0
24170,0
24171,0
24172,0
24173,0
24174,0
24175,0
24176,0
24177,0
24178,0
24179,0
24180,0
24181,0
24182,0
24183,0
24184,0
24185,0
24186,0
24187,0
24188,0
24189,0
24190,0
24191,0
24192,0
24193,0
24194,0
24195,0
24196,0
24197,0
24198,0
24199,0
24200,0
24201,0
24202,0
24203,0
24204,0
24205,0
24206,0
24207,0
24208,0
24209,0
24210,0
24211,0
24212,0
24213,0
24214,0
24215,0
24216,0
24217,0
24218,0
24219,0
24220,0
24221,0
24222,0
24223,0
24224,0
24225,0
24226,0
24227,0
24228,0
24229,0
24230,0
24231,0
24232,0
24233,0
24234,0
24235,0
24236,0
24237,0
24238,0
24239,0
24240,0
24241,0
24242,0
24243,0
24244,0
24245,0
24246,0
24247,0
24248,0
24249,0
24250,0
24251,0
24252,0
24253,0
24254,0
24255,0
24256,0
24257,0
24258,0
24259,0
24260,0
24261,0
24262,0
24263,0
24264,0
24265,0
24266,0
24267,0
24268,0
24269,0
24270,0
24271,0
24272,0
24273,0
24274,0
24275,0
24276,0
24277,0
24278,0
24279,0
24280,0
24281,0
24282,0
24283,0
24284,0
24285,0
24286,0
24287,0
24288,0
24289,0
24290,0
24291,0
24292,0
24293,0
24294,0
24295,0
24296,0
24297,0
24298,0
24299,0
24300,0
24301,0
24302,0
24303,0
24304,0
24305,0
24306,0
24307,0
24308,0
24309,0
24310,0
24311,0
24312,0
24313,0
24314,0
24315,0
24316,0
24317,0
24318,0
24319,0
24320,0
24321,0
24322,0
24323,0
24324,0
24325,0
24326,0
24327,0
24328,0
24329,0
24330,0
24331,0
24332,0
24333,0
24334,0
24335,0
24336,0
24337,0
24338,0
24339,0
24340,0
24341,0
24342,0
24343,0
24344,0
24345,0
24346,0
24347,0
24348,0
24349,0
24350,0
24351,0
24352,0
24353,0
24354,0
24355,0
24356,0
24357,0
24358,0
24359,0
24360,0
24361,0
24362,0
24363,0
24364,0
24365,0
24366,0
24367,0
24368,0
24369,0
24370,0
24371,0
24372,0
24373,0
24374,0
24375,0
24376,0
24377,0
24378,0
24379,0
24380,0
24381,0
24382,0
24383,0
24384,0
24385,0
24386,0
24387,0
24388,0
24389,0
24390,0
24391,0
24392,0
24393,0
24394,0
24395,0
24396,0
24397,0
24398,0
24399,0
24400,0
24401,0
24402,0
24403,0
24404,0
24405,0
24406,0
24407,0
24408,0
24409,0
24410,0
24411,0
24412,0
24413,0
24414,0
24415,0
24416,0
24417,0
24418,1
24419,0
24420,0
24421,0
24422,0
24423,0
24424,1
24425,0
24426,0
24427,0
24428,0
24429,0
24430,0
24431,0
24432,0
24433,0
24434,0
24435,1
24436,0
24437,1
24438,0
24439,1
24440,0
24441,0
24442,0
24443,1
24444,1
24445,0
24446,0
24447,0
24448,0
24449,0
24450,1
24451,1
24452,1
24453,0
24454,0
24455,1
24456,0
24457,0
24458,0
24459,1
24460,1
24461,0
24462,0
24463,1
24464,0
24465,1
24466,1
24467,0
24468,1
24469,1
24470,1
24471,1
24472,0
24473,1
24474,1
24475,1
24476,1
24477,0
24478,0
24479,0
24480,0
24481,0
24482,0
24483,0
24484,0
24485,0
24486,0
24487,1
24488,1
24489,1
24490,0
24491,0
24492,0
24493,1
24494,1
24495,0
24496,0
24497,1
24498,1
24499,1
24500,1
24501,1
24502,1
24503,1
24504,1
24505,1
24506,1
24507,1
24508,0
24509,1
24510,1
24511,0
24512,1
24513,1
24514,1
24515,0
24516,1
24517,0
24518,1
24519,1
24520,0
24521,0
24522,1
24523,0
24524,1
24525,1
24526,1
24527,1
24528,0
24529,1
24530,1
24531,1
24532,0
24533,1
24534,1
24535,1
24536,1
24537,1
24538,0
24539,1
24540,1
24541,1
24542,0
24543,1
24544,1
24545,1
24546,1
24547,1
24548,1
24549,1
24550,1
24551,1
24552,1
24553,1
24554,1
24555,1
24556,1
24557,1
24558,1
24559,1
24560,1
24561,1
24562,1
24563,1
24564,1
24565,1
24566,1
24567,1
24568,1
24569,0
24570,0
24571,1
24572,1
24573,1
24574,1
24575,1
24576,1
24577,1
24578,1
24579,1
24580,1
24581,1
24582,1
24583,0
24584,1
24585,0
24586,1
24587,1
24588,1
24589,1
24590,1
24591,1
24592,1
24593,1
24594,1
24595,1
24596,1
24597,1
24598,1
24599,1
24600,1
24601,1
24602,1
24603,1
24604,1
24605,1
24606,1
24607,1
24608,1
24609,1
24610,1
24611,1
24612,1
24613,1
24614,1
24615,1
24616,1
24617,1
24618,1
24619,1
24620,1
24621,1
24622,0
24623,1
24624,1
24625,1
24626,1
24627,1
24628,1
24629,0
24630,1
24631,1
24632,1
24633,1
24634,1
24635,1
24636,1
24637,1
24638,1
24639,1
24640,1
24641,1
24642,1
24643,1
24644,1
24645,1
24646,1
24647,1
24648,1
24649,1
24650,1
24651,1
24652,1
24653,1
24654,1
24655,1
24656,1
24657,1
24658,1
24659,1
24660,1
24661,1
24662,0
24663,1
24664,1
24665,1
24666,1
24667,1
24668,1
24669,1
24670,1
24671,1
24672,1
24673,1
24674,1
24675,1
24676,1
24677,1
24678,1
24679,1
24680,1
24681,1
24682,1
24683,1
24684,1
24685,1
24686,0
24687,1
24688,1
24689,1
24690,0
24691,1
24692,0
24693,1
24694,1
24695,1
24696,1
24697,1
24698,1
24699,1
24700,1
24701,0
24702,1
24703,1
24704,1
24705,1
24706,1
24707,1
24708,1
24709,1
24710,1
24711,1
24712,1
24713,1
24714,1
24715,1
24716,1
24717,1
24718,1
24719,1
24720,1
24721,1
24722,1
24723,1
24724,1
24725,1
24726,1
24727,1
24728,1
24729,1
24730,1
24731,1
24732,1
24733,1
24734,1
24735,1
24736,1
24737,1
24738,1
24739,1
24740,1
24741,1
24742,1
24743,1
24744,1
24745,1
24746,1
24747,1
24748,1
24749,1
24750,1
24751,1
24752,1
24753,1
24754,1
24755,1
24756,1
24757,1
24758,1
24759,1
24760,1
24761,1
24762,1
24763,0
24764,1
24765,1
24766,1
24767,1
24768,1
24769,1
24770,1
24771,1
24772,1
24773,1
24774,1
24775,1
24776,1
24777,1
24778,0
24779,1
24780,1
24781,1
24782,1
24783,1
24784,1
24785,1
24786,1
24787,1
24788,1
24789,1
24790,1
24791,1
24792,1
24793,1
24794,1
24795,1
24796,1
24797,1
24798,1
24799,1
24800,0
24801,1
24802,1
24803,1
24804,1
24805,1
24806,0
24807,1
24808,1
24809,0
24810,1
24811,1
24812,1
24813,1
24814,0
24815,1
24816,0
24817,1
24818,1
24819,1
24820,1
24821,1
24822,1
24823,1
24824,1
24825,1
24826,1
24827,1
24828,1
24829,0
24830,1
24831,1
24832,0
24833,0
24834,1
24835,1
24836,1
24837,1
24838,1
24839,1
24840,0
24841,0
24842,1
24843,0
24844,1
24845,1
24846,0
24847,1
24848,1
24849,1
24850,0
24851,1
24852,1
24853,1
24854,0
24855,1
24856,0
24857,0
24858,0
24859,1
24860,0
24861,0
24862,0
24863,1
24864,0
24865,1
24866,1
24867,0
24868,0
24869,0
24870,0
24871,0
24872,0
24873,0
24874,0
24875,0
24876,0
24877,0
24878,0
24879,0
24880,0
24881,0
24882,0
24883,0
24884,0
24885,0
24886,0
24887,0
24888,0
24889,0
24890,0
24891,0
24892,0
24893,0
24894,0
24895,0
24896,0
24897,0
24898,0
24899,0
24900,0
24901,0
24902,0
24903,0
24904,0
24905,0
24906,0
24907,0
24908,0
24909,0
24910,0
24911,0
24912,0
24913,0
24914,0
24915,0
24916,0
24917,0
24918,0
24919,0
24920,0
24921,0
24922,0
24923,0
24924,0
24925,0
24926,0
24927,0
24928,0
24929,0
24930,0
24931,0
24932,0
24933,0
24934,0
24935,0
24936,0
24937,0
24938,0
24939,0
24940,0
24941,0
24942,0
24943,0
24944,0
24945,0
24946,0
24947,0
24948,0
24949,0
24950,0
24951,0
24952,0
24953,0
24954,0
24955,0
24956,0
24957,0
24958,0
24959,0
24960,0
24961,0
24962,0
24963,0
24964,0
24965,0
24966,0
24967,0
24968,0
24969,0
24970,0
24971,0
24972,0
24973,0
24974,0
24975,0
24976,0
24977,0
24978,0
24979,0
24980,0
24981,0
24982,0
24983,0
24984,0
24985,0
24986,0
24987,0
24988,0
24989,0
24990,0
24991,0
24992,0
24993,0
24994,0
24995,0
24996,0
24997,0
24998,0
24999,0
25000,0
25001,0
25002,0
25003,0
25004,0
25005,0
25006,0
25007,0
25008,0
25009,0
25010,0
25011,0
25012,0
25013,0
25014,0
25015,0
25016,0
25017,0
25018,0
25019,0
25020,0
25021,0
25022,0
25023,0
25024,0
25025,0
25026,0
25027,0
25028,0
25029,0
25030,0
25031,0
25032,0
25033,0
25034,0
25035,0
25036,0
25037,0
25038,0
25039,0
25040,0
25041,0
25042,0
25043,0
25044,0
25045,0
25046,0
25047,0
25048,0
25049,0
25050,0
25051,0
25052,0
25053,0
25054,0
25055,0
25056,0
25057,0
25058,0
25059,0
25060,0
25061,0
25062,0
25063,0
25064,0
25065,0
25066,0
25067,0
25068,0
25069,0
25070,0
25071,0
25072,0
25073,0
25074,0
25075,0
25076,0
25077,0
25078,0
25079,0
25080,0
25081,0
25082,0
25083,0
25084,0
25085,0
25086,0
25087,0
25088,0
25089,0
25090,0
25091,0
25092,0
25093,0
25094,0
25095,0
25096,0
25097,0
25098,0
25099,0
25100,0
25101,0
25102,0
25103,0
25104,0
25105,0
25106,0
25107,0
25108,0
25109,0
25110,0
25111,0
25112,0
25113,0
25114,0
25115,0
25116,0
25117,0
25118,0
25119,0
25120,0
25121,0
25122,0
25123,0
25124,0
25125,0
25126,0
25127,0
25128,0
25129,0
25130,0
25131,0
25132,0
25133,0
25134,0
25135,0
25136,0
25137,0
25138,1
25139,0
25140,0
25141,1
25142,0
25143,0
25144,0
25145,0
25146,1
25147,0
25148,0
25149,0
25150,1
25151,0
25152,0
25153,1
25154,0
25155,1
25156,1
25157,0
25158,0
25159,0
25160,0
25161,0
25162,0
25163,0
25164,0
25165,1
25166,1
25167,1
25168,0
25169,0
25170,0
25171,1
25172,1
25173,0
25174,0
25175,0
25176,1
25177,1
25178,1
25179,1
25180,1
25181,0
25182,0
25183,0
25184,0
25185,1
25186,1
25187,1
25188,1
25189,1
25190,0
25191,0
25192,1
25193,1
25194,0
25195,0
25196,1
25197,0
25198,0
25199,1
25200,1
25201,1
25202,1
25203,0
25204,1
25205,1
25206,1
25207,0
25208,1
25209,1
25210,1
25211,0
25212,0
25213,0
25214,1
25215,1
25216,1
25217,1
25218,0
25219,1
25220,1
25221,1
25222,1
25223,1
25224,1
25225,1
25226,1
25227,1
25228,1
25229,1
25230,1
25231,1
25232,0
25233,1
25234,1
25235,1
25236,1
25237,0
25238,1
25239,1
25240,1
25241,1
25242,0
25243,1
25244,1
25245,1
25246,1
25247,1
25248,1
25249,1
25250,1
25251,1
25252,1
25253,1
25254,1
25255,1
25256,1
25257,1
25258,1
25259,1
25260,1
25261,1
25262,1
25263,1
25264,1
25265,1
25266,1
25267,1
25268,1
25269,1
25270,1
25271,1
25272,1
25273,1
25274,1
25275,1
25276,1
25277,1
25278,1
25279,1
25280,1
25281,1
25282,0
25283,1
25284,1
25285,1
25286,1
25287,1
25288,1
25289,1
25290,1
25291,1
25292,1
25293,1
25294,1
25295,1
25296,1
25297,0
25298,1
25299,1
25300,1
25301,1
25302,1
25303,0
25304,1
25305,1
25306,1
25307,1
25308,0
25309,1
25310,1
25311,1
25312,1
25313,1
25314,1
25315,1
25316,1
25317,1
25318,1
25319,1
25320,1
25321,0
25322,1
25323,1
25324,1
25325,1
25326,1
25327,1
25328,1
25329,1
25330,1
25331,1
25332,1
25333,1
25334,1
25335,1
25336,1
25337,1
25338,1
25339,1
25340,1
25341,1
25342,1
25343,1
25344,1
25345,1
25346,1
25347,1
25348,1
25349,1
25350,1
25351,1
25352,1
25353,1
25354,1
25355,1
25356,1
25357,1
25358,1
25359,1
25360,1
25361,1
25362,1
25363,1
25364,1
25365,1
25366,1
25367,1
25368,1
25369,1
25370,1
25371,1
25372,1
25373,1
25374,1
25375,1
25376,1
25377,1
25378,1
25379,1
25380,1
25381,1
25382,1
25383,1
25384,1
25385,1
25386,1
25387,1
25388,1
25389,1
25390,1
25391,1
25392,1
25393,1
25394,1
25395,1
25396,1
25397,1
25398,1
25399,1
25400,1
25401,1
25402,1
25403,1
25404,1
25405,1
25406,1
25407,1
25408,1
25409,1
25410,1
25411,1
25412,1
25413,1
25414,1
25415,1
25416,1
25417,1
25418,1
25419,1
25420,1
25421,1
25422,1
25423,1
25424,1
25425,1
25426,1
25427,1
25428,1
25429,1
25430,1
25431,1
25432,1
25433,1
25434,1
25435,1
25436,0
25437,1
25438,1
25439,1
25440,1
25441,1
25442,1
25443,1
25444,1
25445,1
25446,1
25447,1
25448,1
25449,1
25450,1
25451,1
25452,1
25453,1
25454,1
25455,1
25456,1
25457,1
25458,1
25459,0
25460,1
25461,1
25462,1
25463,1
25464,1
25465,1
25466,1
25467,1
25468,1
25469,1
25470,1
25471,1
25472,1
25473,1
25474,1
25475,1
25476,1
25477,1
25478,1
25479,1
25480,1
25481,1
25482,0
25483,0
25484,1
25485,1
25486,1
25487,1
25488,1
25489,1
25490,1
25491,1
25492,1
25493,1
25494,1
25495,1
25496,1
25497,0
25498,1
25499,1
25500,1
25501,0
25502,1
25503,1
25504,1
25505,1
25506,1
25507,1
25508,1
25509,1
25510,1
25511,1
25512,1
25513,1
25514,1
25515,1
25516,1
25517,1
25518,1
25519,1
25520,1
25521,1
25522,0
25523,1
25524,1
25525,1
25526,1
25527,0
25528,1
25529,1
25530,1
25531,0
25532,1
25533,0
25534,1
25535,1
25536,1
25537,1
25538,1
25539,0
25540,1
25541,1
25542,1
25543,0
25544,1
25545,1
25546,1
25547,0
25548,1
25549,1
25550,1
25551,0
25552,0
25553,1
25554,1
25555,0
25556,1
25557,1
25558,1
25559,0
25560,0
25561,0
25562,0
25563,1
25564,0
25565,0
25566,1
25567,1
25568,1
25569,0
25570,1
25571,0
25572,0
25573,0
25574,0
25575,0
25576,1
25577,0
25578,0
25579,0
25580,0
25581,0
25582,0
25583,0
25584,0
25585,0
25586,0
25587,0
25588,0
25589,0
25590,0
25591,0
25592,0
25593,0
25594,0
25595,0
25596,0
25597,0
25598,0
25599,0
25600,0
25601,0
25602,0
25603,0
25604,0
25605,0
25606,0
25607,0
25608,0
25609,0
25610,0
25611,0
25612,0
25613,0
25614,0
25615,0
25616,0
25617,0
25618,0
25619,0
25620,0
25621,0
25622,0
25623,0
25624,0
25625,0
25626,0
25627,0
25628,0
25629,0
25630,0
25631,0
25632,0
25633,0
25634,0
25635,0
25636,0
25637,0
25638,0
25639,0
25640,0
25641,0
25642,0
25643,0
25644,0
25645,0
25646,0
25647,0
25648,0
25649,0
25650,0
25651,0
25652,0
25653,0
25654,0
25655,0
25656,0
25657,0
25658,0
25659,0
25660,0
25661,0
25662,0
25663,0
25664,0
25665,0
25666,0
25667,0
25668,0
25669,0
25670,0
25671,0
25672,0
25673,0
25674,0
25675,0
25676,0
25677,0
25678,0
25679,0
25680,0
25681,0
25682,0
25683,0
25684,0
25685,0
25686,0
25687,0
25688,0
25689,0
25690,0
25691,0
25692,0
25693,0
25694,0
25695,0
25696,0
25697,0
25698,0
25699,0
25700,0
25701,0
25702,0
25703,0
25704,0
25705,0
25706,0
25707,0
25708,0
25709,0
25710,0
25711,0
25712,0
25713,0
25714,0
25715,0
25716,0
25717,0
25718,0
25719,0
25720,0
25721,0
25722,0
25723,0
25724,0
25725,0
25726,0
25727,0
25728,0
25729,0
25730,0
25731,0
25732,0
25733,0
25734,0
25735,0
25736,0
25737,0
25738,0
25739,0
25740,0
25741,0
25742,0
25743,0
25744,0
25745,0
25746,0
25747,0
25748,0
25749,0
25750,0
25751,0
25752,0
25753,0
25754,0
25755,0
25756,0
25757,0
25758,0
25759,0
25760,0
25761,0
25762,0
25763,0
25764,0
25765,0
25766,0
25767,0
25768,0
25769,0
25770,0
25771,0
25772,0
25773,0
25774,0
25775,0
25776,0
25777,0
25778,0
25779,0
25780,0
25781,0
25782,0
25783,0
25784,0
25785,0
25786,0
25787,0
25788,0
25789,0
25790,0
25791,0
25792,0
25793,0
25794,0
25795,0
25796,0
25797,0
25798,0
25799,0
25800,0
25801,0
25802,0
25803,0
25804,0
25805,0
25806,0
25807,0
25808,0
25809,0
25810,0
25811,0
25812,0
25813,0
25814,0
25815,0
25816,0
25817,0
25818,0
25819,0
25820,0
25821,0
25822,0
25823,0
25824,0
25825,0
25826,0
25827,0
25828,0
25829,0
25830,0
25831,0
25832,0
25833,0
25834,0
25835,0
25836,0
25837,0
25838,0
25839,0
25840,1
25841,0
25842,1
25843,0
25844,0
25845,0
25846,0
25847,1
25848,0
25849,0
25850,0
25851,0
25852,0
25853,1
25854,0
25855,0
25856,0
25857,0
25858,0
25859,1
25860,0
25861,0
25862,0
25863,1
25864,0
25865,0
25866,0
25867,0
25868,0
25869,1
25870,0
25871,0
25872,1
25873,0
25874,0
25875,0
25876,0
25877,0
25878,1
25879,1
25880,1
25881,0
25882,1
25883,1
25884,0
25885,1
25886,0
25887,1
25888,0
25889,0
25890,0
25891,0
25892,0
25893,1
25894,1
25895,1
25896,1
25897,1
25898,1
25899,0
25900,1
25901,1
25902,1
25903,0
25904,1
25905,1
25906,1
25907,1
25908,1
25909,0
25910,1
25911,0
25912,0
25913,1
25914,1
25915,1
25916,0
25917,1
25918,1
25919,0
25920,1
25921,1
25922,1
25923,0
25924,1
25925,0
25926,1
25927,0
25928,0
25929,0
25930,1
25931,1
25932,1
25933,0
25934,0
25935,1
25936,1
25937,1
25938,0
25939,0
25940,0
25941,1
25942,0
25943,1
25944,1
25945,1
25946,1
25947,1
25948,1
25949,1
25950,0
25951,1
25952,1
25953,1
25954,1
25955,1
25956,1
25957,0
25958,1
25959,1
25960,1
25961,1
25962,0
25963,0
25964,1
25965,1
25966,1
25967,0
25968,0
25969,1
25970,1
25971,1
25972,1
25973,1
25974,1
25975,1
25976,1
25977,1
25978,1
25979,1
25980,1
25981,1
25982,1
25983,1
25984,1
25985,0
25986,1
25987,1
25988,1
25989,1
25990,1
25991,1
25992,1
25993,1
25994,1
25995,1
25996,1
25997,1
25998,1
25999,1
26000,1
26001,1
26002,1
26003,1
26004,1
26005,1
26006,1
26007,1
26008,1
26009,1
26010,1
26011,1
26012,1
26013,1
26014,0
26015,0
26016,1
26017,1
26018,1
26019,1
26020,1
26021,1
26022,1
26023,1
26024,1
26025,1
26026,0
26027,1
26028,0
26029,1
26030,1
26031,1
26032,1
26033,1
26034,1
26035,1
26036,1
26037,1
26038,1
26039,1
26040,1
26041,1
26042,1
26043,1
26044,1
26045,0
26046,1
26047,1
26048,1
26049,1
26050,1
26051,1
26052,1
26053,1
26054,1
26055,1
26056,1
26057,1
26058,1
26059,1
26060,1
26061,1
26062,1
26063,0
26064,1
26065,1
26066,1
26067,1
26068,1
26069,1
26070,0
26071,1
26072,1
26073,1
26074,1
26075,1
26076,1
26077,1
26078,1
26079,1
26080,1
26081,1
26082,1
26083,0
26084,1
26085,1
26086,1
26087,1
26088,1
26089,1
26090,1
26091,1
26092,1
26093,1
26094,1
26095,1
26096,1
26097,1
26098,1
26099,1
26100,1
26101,0
26102,1
26103,1
26104,1
26105,1
26106,1
26107,1
26108,1
26109,1
26110,1
26111,1
26112,1
26113,1
26114,1
26115,1
26116,1
26117,1
26118,1
26119,1
26120,1
26121,1
26122,1
26123,1
26124,0
26125,1
26126,1
26127,1
26128,1
26129,1
26130,1
26131,1
26132,1
26133,1
26134,1
26135,1
26136,1
26137,1
26138,1
26139,1
26140,1
26141,1
26142,1
26143,1
26144,1
26145,1
26146,1
26147,1
26148,1
26149,1
26150,1
26151,1
26152,1
26153,1
26154,1
26155,0
26156,1
26157,1
26158,1
26159,0
26160,1
26161,1
26162,1
26163,1
26164,1
26165,1
26166,1
26167,1
26168,1
26169,1
26170,1
26171,0
26172,1
26173,1
26174,0
26175,0
26176,0
26177,1
26178,0
26179,1
26180,1
26181,1
26182,1
26183,1
26184,1
26185,1
26186,1
26187,0
26188,1
26189,1
26190,1
26191,1
26192,1
26193,0
26194,1
26195,1
26196,0
26197,1
26198,1
26199,0
26200,1
26201,0
26202,0
26203,1
26204,1
26205,1
26206,1
26207,1
26208,1
26209,1
26210,1
26211,1
26212,1
26213,0
26214,1
26215,1
26216,1
26217,0
26218,1
26219,1
26220,1
26221,1
26222,1
26223,0
26224,1
26225,1
26226,0
26227,0
26228,0
26229,0
26230,0
26231,0
26232,0
26233,0
26234,0
26235,0
26236,0
26237,0
26238,0
26239,0
26240,0
26241,0
26242,0
26243,0
26244,0
26245,0
26246,0
26247,0
26248,0
26249,0
26250,0
26251,0
26252,0
26253,0
26254,0
26255,0
26256,0
26257,0
26258,0
26259,0
26260,0
26261,0
26262,0
26263,0
26264,0
26265,0
26266,0
26267,0
26268,0
26269,0
26270,0
26271,0
26272,0
26273,0
26274,0
26275,0
26276,0
26277,0
26278,0
26279,0
26280,0
26281,0
26282,0
26283,0
26284,0
26285,0
26286,0
26287,0
26288,0
26289,0
26290,0
26291,0
26292,0
26293,0
26294,0
26295,0
26296,0
26297,0
26298,0
26299,0
26300,0
26301,0
26302,0
26303,0
26304,0
26305,0
26306,0
26307,0
26308,0
26309,0
26310,0
26311,0
26312,0
26313,0
26314,0
26315,0
26316,0
26317,0
26318,0
26319,0
26320,0
26321,0
26322,0
26323,0
26324,0
26325,0
26326,0
26327,0
26328,0
26329,0
26330,0
26331,0
26332,0
26333,0
26334,0
26335,0
26336,0
26337,0
26338,0
26339,0
26340,0
26341,0
26342,0
26343,0
26344,0
26345,0
26346,0
26347,0
26348,0
26349,0
26350,0
26351,0
26352,0
26353,0
26354,0
26355,0
26356,0
26357,0
26358,0
26359,0
26360,0
26361,0
26362,0
26363,0
26364,0
26365,0
26366,0
26367,0
26368,0
26369,0
26370,0
26371,0
26372,0
26373,0
26374,0
26375,0
26376,0
26377,0
26378,0
26379,0
26380,0
26381,0
26382,0
26383,0
26384,0
26385,0
26386,0
26387,0
26388,0
26389,0
26390,0
26391,0
26392,0
26393,0
26394,0
26395,0
26396,0
26397,0
26398,0
26399,0
26400,0
26401,0
26402,0
26403,0
26404,0
26405,0
26406,0
26407,0
26408,0
26409,0
26410,0
26411,0
26412,0
26413,0
26414,0
26415,0
26416,0
26417,0
26418,0
26419,0
26420,0
26421,0
26422,0
26423,0
26424,0
26425,0
26426,0
26427,0
26428,0
26429,0
26430,0
26431,0
26432,0
26433,0
26434,0
26435,0
26436,0
26437,0
26438,0
26439,0
26440,0
26441,0
26442,0
26443,0
26444,0
26445,0
26446,0
26447,0
26448,0
26449,0
26450,1
26451,0
26452,0
26453,1
26454,0
26455,0
26456,0
26457,0
26458,0
26459,0
26460,0
26461,0
26462,0
26463,1
26464,1
26465,0
26466,1
26467,1
26468,1
26469,0
26470,0
26471,1
26472,0
26473,1
26474,0
26475,0
26476,1
26477,1
26478,0
26479,1
26480,0
26481,1
26482,0
26483,0
26484,1
26485,0
26486,1
26487,0
26488,1
26489,0
26490,1
26491,0
26492,1
26493,1
26494,1
26495,1
26496,0
26497,1
26498,1
26499,0
26500,1
26501,0
26502,0
26503,1
26504,1
26505,1
26506,1
26507,1
26508,1
26509,1
26510,0
26511,1
26512,0
26513,0
26514,1
26515,1
26516,1
26517,1
26518,1
26519,0
26520,1
26521,0
26522,0
26523,1
26524,1
26525,1
26526,0
26527,1
26528,1
26529,1
26530,1
26531,0
26532,1
26533,1
26534,1
26535,1
26536,1
26537,1
26538,1
26539,1
26540,1
26541,1
26542,1
26543,1
26544,1
26545,1
26546,1
26547,1
26548,1
26549,1
26550,1
26551,1
26552,0
26553,1
26554,1
26555,1
26556,1
26557,1
26558,1
26559,1
26560,0
26561,1
26562,1
26563,1
26564,1
26565,1
26566,1
26567,1
26568,1
26569,1
26570,0
26571,1
26572,1
26573,1
26574,1
26575,1
26576,1
26577,1
26578,1
26579,1
26580,1
26581,1
26582,1
26583,1
26584,1
26585,1
26586,1
26587,1
26588,1
26589,1
26590,1
26591,1
26592,0
26593,1
26594,1
26595,1
26596,1
26597,1
26598,0
26599,1
26600,1
26601,1
26602,1
26603,1
26604,1
26605,0
26606,0
26607,1
26608,1
26609,1
26610,1
26611,1
26612,1
26613,1
26614,1
26615,1
26616,1
26617,1
26618,1
26619,1
26620,1
26621,1
26622,1
26623,1
26624,1
26625,1
26626,1
26627,1
26628,1
26629,0
26630,0
26631,1
26632,1
26633,0
26634,1
26635,1
26636,1
26637,1
26638,1
26639,1
26640,1
26641,1
26642,1
26643,1
26644,0
26645,1
26646,1
26647,1
26648,1
26649,1
26650,1
26651,1
26652,1
26653,1
26654,1
26655,1
26656,1
26657,1
26658,1
26659,1
26660,1
26661,1
26662,1
26663,0
26664,1
26665,1
26666,1
26667,1
26668,1
26669,1
26670,1
26671,1
26672,1
26673,1
26674,1
26675,1
26676,1
26677,0
26678,1
26679,1
26680,1
26681,1
26682,1
26683,1
26684,1
26685,1
26686,1
26687,1
26688,1
26689,1
26690,1
26691,1
26692,1
26693,1
26694,1
26695,1
26696,1
26697,1
26698,1
26699,1
26700,1
26701,1
26702,1
26703,1
26704,1
26705,1
26706,1
26707,1
26708,1
26709,1
26710,1
26711,1
26712,1
26713,1
26714,1
26715,1
26716,1
26717,1
26718,1
26719,1
26720,1
26721,1
26722,1
26723,1
26724,1
26725,1
26726,1
26727,1
26728,1
26729,1
26730,1
26731,1
26732,1
26733,1
26734,0
26735,1
26736,1
26737,1
26738,1
26739,1
26740,1
26741,1
26742,1
26743,1
26744,1
26745,1
26746,1
26747,1
26748,1
26749,1
26750,1
26751,1
26752,1
26753,0
26754,0
26755,1
26756,1
26757,1
26758,1
26759,1
26760,0
26761,1
26762,1
26763,1
26764,1
26765,1
26766,1
26767,1
26768,1
26769,1
26770,0
26771,1
26772,1
26773,0
26774,1
26775,1
26776,1
26777,1
26778,1
26779,0
26780,1
26781,1
26782,1
26783,1
26784,1
26785,1
26786,1
26787,1
26788,1
26789,1
26790,1
26791,1
26792,1
26793,0
26794,1
26795,1
26796,1
26797,1
26798,1
26799,0
26800,1
26801,1
26802,1
26803,1
26804,0
26805,1
26806,1
26807,1
26808,1
26809,1
26810,0
26811,1
26812,0
26813,0
26814,1
26815,0
26816,1
26817,0
26818,1
26819,1
26820,1
26821,1
26822,0
26823,1
26824,1
26825,1
26826,1
26827,1
26828,1
26829,1
26830,1
26831,0
26832,0
26833,0
26834,1
26835,1
26836,0
26837,0
26838,1
26839,0
26840,0
26841,0
26842,0
26843,1
26844,0
26845,1
26846,1
26847,0
26848,1
26849,1
26850,1
26851,0
26852,0
26853,0
26854,1
26855,0
26856,0
26857,0
26858,0
26859,1
26860,0
26861,0
26862,1
26863,1
26864,1
26865,0
26866,1
26867,0
26868,0
26869,1
26870,0
26871,0
26872,0
26873,0
26874,0
26875,0
26876,0
26877,0
26878,0
26879,0
26880,0
26881,0
26882,0
26883,0
26884,0
26885,0
26886,0
26887,0
26888,0
26889,0
26890,0
26891,0
26892,0
26893,0
26894,0
26895,0
26896,0
26897,0
26898,0
26899,0
26900,0
26901,0
26902,0
26903,0
26904,0
26905,0
26906,0
26907,0
26908,0
26909,0
26910,0
26911,0
26912,0
26913,0
26914,0
26915,0
26916,0
26917,0
26918,0
26919,0
26920,0
26921,0
26922,0
26923,0
26924,0
26925,0
26926,0
26927,0
26928,0
26929,0
26930,0
26931,0
26932,0
26933,0
26934,0
26935,0
26936,0
26937,0
26938,0
26939,0
26940,0
26941,0
26942,0
26943,0
26944,0
26945,0
26946,0
26947,0
26948,0
26949,0
26950,0
26951,0
26952,0
26953,0
26954,0
26955,0
26956,0
26957,0
26958,0
26959,0
26960,0
26961,0
26962,0
26963,0
26964,0
26965,0
26966,0
26967,0
26968,0
26969,0
26970,0
26971,0
26972,0
26973,0
26974,0
26975,0
26976,0
26977,0
26978,0
26979,0
26980,0
26981,0
26982,0
26983,0
26984,0
26985,0
26986,0
26987,0
26988,0
26989,0
26990,0
26991,0
26992,0
26993,0
26994,0
26995,0
26996,0
26997,0
26998,0
26999,0
27000,0
27001,0
27002,0
27003,0
27004,0
27005,0
27006,0
27007,0
27008,0
27009,0
27010,0
27011,0
27012,0
27013,0
27014,0
27015,0
27016,0
27017,0
27018,0
27019,0
27020,0
27021,0
27022,0
27023,0
27024,0
27025,0
27026,0
27027,0
27028,0
27029,0
27030,0
27031,0
27032,0
27033,0
27034,0
27035,0
27036,0
27037,0
27038,0
27039,0
27040,0
27041,0
27042,0
27043,0
27044,0
27045,0
27046,0
27047,0
27048,0
27049,0
27050,0
27051,0
27052,0
27053,0
27054,0
27055,0
27056,0
27057,0
27058,0
27059,0
27060,0
27061,0
27062,0
27063,0
27064,0
27065,0
27066,0
27067,0
27068,0
27069,0
27070,0
27071,0
27072,0
27073,0
27074,0
27075,0
27076,0
27077,0
27078,0
27079,0
27080,0
27081,0
27082,0
27083,0
27084,0
27085,0
27086,0
27087,0
27088,0
27089,0
27090,0
27091,0
27092,0
27093,0
27094,0
27095,0
27096,0
27097,0
27098,0
27099,0
27100,0
27101,0
27102,0
27103,0
27104,0
27105,0
27106,0
27107,0
27108,0
27109,0
27110,1
27111,0
27112,0
27113,0
27114,0
27115,0
27116,1
27117,0
27118,0
27119,0
27120,0
27121,0
27122,0
27123,0
27124,1
27125,0
27126,0
27127,0
27128,0
27129,0
27130,0
27131,1
27132,0
27133,0
27134,0
27135,0
27136,0
27137,1
27138,0
27139,1
27140,0
27141,1
27142,1
27143,0
27144,1
27145,0
27146,0
27147,1
27148,1
27149,1
27150,1
27151,1
27152,1
27153,0
27154,1
27155,0
27156,0
27157,1
27158,0
27159,1
27160,0
27161,1
27162,1
27163,1
27164,1
27165,1
27166,1
27167,0
27168,1
27169,1
27170,1
27171,1
27172,0
27173,1
27174,1
27175,0
27176,1
27177,1
27178,1
27179,1
27180,0
27181,0
27182,1
27183,1
27184,1
27185,1
27186,1
27187,0
27188,0
27189,0
27190,1
27191,0
27192,0
27193,1
27194,1
27195,0
27196,1
27197,0
27198,1
27199,1
27200,1
27201,0
27202,1
27203,1
27204,1
27205,1
27206,1
27207,1
27208,0
27209,1
27210,1
27211,1
27212,1
27213,1
27214,1
27215,1
27216,1
27217,1
27218,1
27219,1
27220,1
27221,1
27222,1
27223,1
27224,1
27225,1
27226,0
27227,0
27228,1
27229,1
27230,1
27231,1
27232,1
27233,1
27234,1
27235,1
27236,1
27237,1
27238,1
27239,1
27240,1
27241,0
27242,0
27243,1
27244,0
27245,1
27246,1
27247,1
27248,1
27249,1
27250,1
27251,1
27252,0
27253,1
27254,1
27255,1
27256,0
27257,0
27258,1
27259,1
27260,1
27261,1
27262,0
27263,1
27264,1
27265,1
27266,1
27267,1
27268,1
27269,1
27270,1
27271,1
27272,1
27273,1
27274,1
27275,1
27276,1
27277,1
27278,1
27279,1
27280,1
27281,1
27282,1
27283,1
27284,1
27285,1
27286,1
27287,1
27288,1
27289,1
27290,1
27291,1
27292,1
27293,1
27294,1
27295,1
27296,1
27297,1
27298,1
27299,1
27300,1
27301,1
27302,1
27303,0
27304,1
27305,1
27306,1
27307,1
27308,1
27309,1
27310,1
27311,1
27312,1
27313,1
27314,1
27315,1
27316,0
27317,1
27318,1
27319,1
27320,1
27321,1
27322,1
27323,1
27324,1
27325,1
27326,1
27327,1
27328,1
27329,1
27330,1
27331,1
27332,1
27333,1
27334,1
27335,0
27336,1
27337,1
27338,1
27339,1
27340,1
27341,1
27342,1
27343,1
27344,1
27345,1
27346,1
27347,1
27348,1
27349,1
27350,1
27351,1
27352,1
27353,1
27354,1
27355,1
27356,1
27357,1
27358,1
27359,1
27360,1
27361,1
27362,1
27363,1
27364,1
27365,1
27366,1
27367,1
27368,1
27369,1
27370,1
27371,1
27372,1
27373,1
27374,1
27375,1
27376,1
27377,1
27378,1
27379,1
27380,1
27381,1
27382,1
27383,1
27384,1
27385,1
27386,1
27387,1
27388,1
27389,1
27390,1
27391,1
27392,1
27393,1
27394,1
27395,1
27396,1
27397,1
27398,1
27399,1
27400,0
27401,0
27402,1
27403,1
27404,1
27405,0
27406,1
27407,1
27408,0
27409,1
27410,1
27411,1
27412,1
27413,1
27414,1
27415,1
27416,1
27417,1
27418,1
27419,1
27420,1
27421,1
27422,1
27423,0
27424,1
27425,1
27426,0
27427,1
27428,1
27429,1
27430,1
27431,1
27432,1
27433,1
27434,1
27435,1
27436,1
27437,1
27438,1
27439,1
27440,1
27441,1
27442,1
27443,1
27444,1
27445,1
27446,1
27447,1
27448,1
27449,1
27450,1
27451,0
27452,1
27453,1
27454,1
27455,1
27456,1
27457,1
27458,1
27459,1
27460,1
27461,1
27462,1
27463,1
27464,0
27465,1
27466,1
27467,1
27468,1
27469,1
27470,1
27471,1
27472,1
27473,1
27474,1
27475,1
27476,1
27477,1
27478,1
27479,1
27480,1
27481,1
27482,1
27483,1
27484,1
27485,1
27486,1
27487,1
27488,1
27489,1
27490,0
27491,1
27492,0
27493,1
27494,1
27495,0
27496,1
27497,1
27498,1
27499,1
27500,1
27501,1
27502,1
27503,1
27504,1
27505,1
27506,1
27507,1
27508,1
27509,0
27510,1
27511,1
27512,0
27513,1
27514,1
27515,0
27516,1
27517,1
27518,1
27519,1
27520,1
27521,1
27522,1
27523,1
27524,0
27525,1
27526,0
27527,0
27528,0
27529,1
27530,1
27531,1
27532,0
27533,0
27534,0
27535,0
27536,1
27537,1
27538,0
27539,0
27540,0
27541,1
27542,1
27543,1
27544,0
27545,0
27546,0
27547,0
27548,0
27549,0
27550,0
27551,0
27552,0
27553,0
27554,0
27555,0
27556,0
27557,0
27558,0
27559,0
27560,0
27561,0
27562,0
27563,0
27564,0
27565,0
27566,0
27567,0
27568,0
27569,0
27570,0
27571,0
27572,0
27573,0
27574,0
27575,0
27576,0
27577,0
27578,0
27579,0
27580,0
27581,0
27582,0
27583,0
27584,0
27585,0
27586,0
27587,0
27588,0
27589,0
27590,0
27591,0
27592,0
27593,0
27594,0
27595,0
27596,0
27597,0
27598,0
27599,0
27600,0
27601,0
27602,0
27603,0
27604,0
27605,0
27606,0
27607,0
27608,0
27609,0
27610,0
27611,0
27612,0
27613,0
27614,0
27615,0
27616,0
27617,0
27618,0
27619,0
27620,0
27621,0
27622,0
27623,0
27624,0
27625,0
27626,0
27627,0
27628,0
27629,0
27630,0
27631,0
27632,0
27633,0
27634,0
27635,0
27636,0
27637,0
27638,0
27639,0
27640,0
27641,0
27642,0
27643,0
27644,0
27645,0
27646,0
27647,0
27648,0
27649,0
27650,0
27651,0
27652,0
27653,0
27654,0
27655,0
27656,0
27657,0
27658,0
27659,0
27660,0
27661,0
27662,0
27663,0
27664,0
27665,0
27666,0
27667,0
27668,0
27669,0
27670,0
27671,0
27672,0
27673,0
27674,0
27675,0
27676,0
27677,0
27678,0
27679,0
27680,0
27681,0
27682,0
27683,0
27684,0
27685,0
27686,0
27687,0
27688,0
27689,0
27690,0
27691,0
27692,0
27693,0
27694,0
27695,0
27696,0
27697,0
27698,0
27699,0
27700,0
27701,0
27702,0
27703,0
27704,0
27705,0
27706,0
27707,0
27708,0
27709,0
27710,0
27711,0
27712,0
27713,0
27714,0
27715,0
27716,0
27717,0
27718,0
27719,0
27720,0
27721,0
27722,0
27723,0
27724,0
27725,0
27726,0
27727,0
27728,0
27729,0
27730,0
27731,0
27732,0
27733,0
27734,0
27735,0
27736,0
27737,0
27738,0
27739,0
27740,0
27741,0
27742,0
27743,0
27744,0
27745,0
27746,0
27747,0
27748,0
27749,0
27750,0
27751,0
27752,0
27753,0
27754,0
27755,0
27756,0
27757,0
27758,0
27759,0
27760,0
27761,0
27762,0
27763,0
27764,0
27765,0
27766,0
27767,0
27768,0
27769,0
27770,0
27771,0
27772,0
27773,0
27774,0
27775,0
27776,0
27777,0
27778,0
27779,0
27780,0
27781,0
27782,0
27783,0
27784,0
27785,0
27786,0
27787,0
27788,0
27789,0
27790,0
27791,0
27792,0
27793,0
27794,0
27795,0
27796,0
27797,0
27798,0
27799,0
27800,0
27801,0
27802,0
27803,0
27804,0
27805,0
27806,0
27807,1
27808,0
27809,0
27810,0
27811,0
27812,1
27813,0
27814,0
27815,1
27816,0
27817,1
27818,0
27819,0
27820,0
27821,0
27822,1
27823,1
27824,0
27825,0
27826,0
27827,0
27828,1
27829,0
27830,0
27831,1
27832,1
27833,0
27834,1
27835,0
27836,0
27837,1
27838,1
27839,0
27840,0
27841,0
27842,0
27843,1
27844,0
27845,0
27846,0
27847,1
27848,1
27849,0
27850,0
27851,0
27852,1
27853,1
27854,1
27855,1
27856,1
27857,0
27858,1
27859,1
27860,1
27861,0
27862,1
27863,1
27864,0
27865,1
27866,1
27867,1
27868,1
27869,0
27870,1
27871,1
27872,1
27873,0
27874,1
27875,0
27876,1
27877,0
27878,1
27879,1
27880,1
27881,1
27882,1
27883,0
27884,1
27885,1
27886,1
27887,0
27888,1
27889,1
27890,0
27891,0
27892,1
27893,1
27894,0
27895,0
27896,1
27897,0
27898,1
27899,1
27900,1
27901,1
27902,1
27903,1
27904,1
27905,1
27906,0
27907,1
27908,1
27909,0
27910,1
27911,0
27912,0
27913,1
27914,1
27915,1
27916,1
27917,1
27918,1
27919,1
27920,1
27921,1
27922,1
27923,1
27924,1
27925,1
27926,0
27927,1
27928,0
27929,1
27930,1
27931,1
27932,1
27933,1
27934,1
27935,1
27936,1
27937,0
27938,1
27939,1
27940,1
27941,1
27942,1
27943,0
27944,1
27945,1
27946,1
27947,1
27948,0
27949,0
27950,1
27951,1
27952,1
27953,1
27954,1
27955,1
27956,1
27957,1
27958,1
27959,1
27960,1
27961,1
27962,0
27963,1
27964,1
27965,0
27966,1
27967,1
27968,1
27969,1
27970,1
27971,1
27972,1
27973,1
27974,1
27975,1
27976,1
27977,1
27978,1
27979,1
27980,1
27981,1
27982,1
27983,1
27984,0
27985,1
27986,1
27987,1
27988,1
27989,1
27990,1
27991,1
27992,1
27993,1
27994,1
27995,1
27996,1
27997,1
27998,1
27999,1
28000,1
28001,1
28002,1
28003,1
28004,1
28005,1
28006,1
28007,1
28008,1
28009,1
28010,1
28011,1
28012,1
28013,0
28014,1
28015,1
28016,1
28017,1
28018,1
28019,1
28020,1
28021,1
28022,0
28023,1
28024,1
28025,1
28026,1
28027,1
28028,1
28029,1
28030,1
28031,1
28032,1
28033,1
28034,1
28035,0
28036,1
28037,1
28038,1
28039,1
28040,1
28041,1
28042,1
28043,1
28044,1
28045,1
28046,1
28047,1
28048,1
28049,1
28050,0
28051,1
28052,1
28053,1
28054,1
28055,1
28056,1
28057,1
28058,1
28059,1
28060,1
28061,1
28062,1
28063,1
28064,1
28065,1
28066,1
28067,1
28068,1
28069,1
28070,1
28071,1
28072,1
28073,1
28074,1
28075,1
28076,1
28077,1
28078,1
28079,1
28080,1
28081,1
28082,1
28083,1
28084,1
28085,1
28086,1
28087,1
28088,1
28089,1
28090,1
28091,1
28092,1
28093,1
28094,1
28095,1
28096,1
28097,1
28098,1
28099,0
28100,1
28101,1
28102,1
28103,0
28104,1
28105,1
28106,0
28107,1
28108,1
28109,0
28110,1
28111,1
28112,1
28113,1
28114,1
28115,1
28116,1
28117,1
28118,1
28119,1
28120,1
28121,1
28122,1
28123,1
28124,1
28125,1
28126,1
28127,1
28128,1
28129,1
28130,1
28131,1
28132,1
28133,1
28134,1
28135,1
28136,1
28137,1
28138,1
28139,0
28140,1
28141,1
28142,1
28143,1
28144,1
28145,1
28146,1
28147,1
28148,1
28149,1
28150,1
28151,1
28152,1
28153,1
28154,1
28155,1
28156,1
28157,0
28158,1
28159,1
28160,0
28161,1
28162,0
28163,1
28164,1
28165,1
28166,0
28167,1
28168,1
28169,1
28170,1
28171,1
28172,1
28173,1
28174,1
28175,0
28176,1
28177,1
28178,0
28179,1
28180,1
28181,1
28182,1
28183,1
28184,1
28185,1
28186,1
28187,1
28188,1
28189,1
28190,0
28191,1
28192,0
28193,0
28194,0
28195,0
28196,1
28197,0
28198,1
28199,1
28200,0
28201,1
28202,1
28203,1
28204,1
28205,1
28206,1
28207,0
28208,0
28209,0
28210,1
28211,0
28212,0
28213,0
28214,0
28215,0
28216,0
28217,0
28218,0
28219,1
28220,0
28221,1
28222,0
28223,0
28224,0
28225,0
28226,0
28227,0
28228,1
28229,0
28230,0
28231,0
28232,0
28233,0
28234,0
28235,0
28236,0
28237,0
28238,0
28239,0
28240,0
28241,0
28242,0
28243,0
28244,0
28245,0
28246,0
28247,0
28248,0
28249,0
28250,0
28251,0
28252,0
28253,0
28254,0
28255,0
28256,0
28257,0
28258,0
28259,0
28260,0
28261,0
28262,0
28263,0
28264,0
28265,0
28266,0
28267,0
28268,0
28269,0
28270,0
28271,0
28272,0
28273,0
28274,0
28275,0
28276,0
28277,0
28278,0
28279,0
28280,0
28281,0
28282,0
28283,0
28284,0
28285,0
28286,0
28287,0
28288,0
28289,0
28290,0
28291,0
28292,0
28293,0
28294,0
28295,0
28296,0
28297,0
28298,0
28299,0
28300,0
28301,0
28302,0
28303,0
28304,0
28305,0
28306,0
28307,0
28308,0
28309,0
28310,0
28311,0
28312,0
28313,0
28314,0
28315,0
28316,0
28317,0
28318,0
28319,0
28320,0
28321,0
28322,0
28323,0
28324,0
28325,0
28326,0
28327,0
28328,0
28329,0
28330,0
28331,0
28332,0
28333,0
28334,0
28335,0
28336,0
28337,0
28338,0
28339,0
28340,0
28341,0
28342,0
28343,0
28344,0
28345,0
28346,0
28347,0
28348,0
28349,0
28350,0
28351,0
28352,0
28353,0
28354,0
28355,0
28356,0
28357,0
28358,0
28359,0
28360,0
28361,0
28362,0
28363,0
28364,0
28365,0
28366,0
28367,0
28368,0
28369,0
28370,0
28371,0
28372,0
28373,0
28374,0
28375,0
28376,0
28377,0
28378,0
28379,0
28380,0
28381,0
28382,0
28383,0
28384,0
28385,0
28386,0
28387,0
28388,0
28389,0
28390,0
28391,0
28392,0
28393,0
28394,0
28395,0
28396,0
28397,0
28398,0
28399,0
28400,0
28401,0
28402,0
28403,0
28404,0
28405,0
28406,0
28407,0
28408,0
28409,0
28410,0
28411,0
28412,0
28413,0
28414,0
28415,0
28416,0
28417,0
28418,0
28419,0
28420,0
28421,0
28422,0
28423,0
28424,0
28425,0
28426,0
28427,0
28428,0
28429,0
28430,0
28431,0
28432,0
28433,0
28434,0
28435,0
28436,0
28437,0
28438,0
28439,0
28440,0
28441,0
28442,0
28443,0
28444,0
28445,0
28446,0
28447,0
28448,0
28449,0
28450,0
28451,0
28452,0
28453,0
28454,0
28455,0
28456,0
28457,0
28458,0
28459,0
28460,0
28461,0
28462,0
28463,1
28464,0
28465,0
28466,0
28467,0
28468,0
28469,0
28470,0
28471,0
28472,0
28473,1
28474,0
28475,1
28476,0
28477,0
28478,0
28479,1
28480,0
28481,0
28482,0
28483,0
28484,0
28485,1
28486,0
28487,1
28488,0
28489,0
28490,1
28491,0
28492,0
28493,1
28494,0
28495,0
28496,1
28497,0
28498,1
28499,1
28500,0
28501,0
28502,0
28503,1
28504,1
28505,1
28506,0
28507,0
28508,0
28509,1
28510,0
28511,1
28512,0
28513,0
28514,1
28515,1
28516,1
28517,1
28518,0
28519,1
28520,1
28521,1
28522,1
28523,1
28524,1
28525,0
28526,1
28527,1
28528,0
28529,1
28530,1
28531,1
28532,1
28533,0
28534,1
28535,1
28536,1
28537,1
28538,1
28539,0
28540,1
28541,1
28542,1
28543,0
28544,1
28545,1
28546,0
28547,1
28548,1
28549,1
28550,1
28551,1
28552,1
28553,0
28554,0
28555,1
28556,1
28557,1
28558,1
28559,0
28560,0
28561,1
28562,1
28563,1
28564,1
28565,1
28566,1
28567,1
28568,1
28569,1
28570,0
28571,1
28572,1
28573,0
28574,1
28575,1
28576,1
28577,0
28578,0
28579,1
28580,1
28581,0
28582,1
28583,1
28584,1
28585,1
28586,1
28587,1
28588,1
28589,1
28590,1
28591,1
28592,0
28593,1
28594,1
28595,1
28596,1
28597,1
28598,1
28599,1
28600,1
28601,1
28602,1
28603,0
28604,1
28605,1
28606,1
28607,1
28608,1
28609,1
28610,1
28611,1
28612,1
28613,1
28614,1
28615,1
28616,1
28617,1
28618,0
28619,1
28620,1
28621,1
28622,1
28623,1
28624,1
28625,1
28626,1
28627,1
28628,1
28629,1
28630,1
28631,1
28632,1
28633,1
28634,0
28635,1
28636,1
28637,1
28638,1
28639,1
28640,1
28641,1
28642,1
28643,1
28644,1
28645,1
28646,1
28647,1
28648,1
28649,1
28650,1
28651,1
28652,1
28653,1
28654,1
28655,1
28656,1
28657,1
28658,0
28659,1
28660,1
28661,1
28662,1
28663,1
28664,1
28665,1
28666,1
28667,1
28668,1
28669,1
28670,1
28671,1
28672,1
28673,1
28674,1
28675,1
28676,1
28677,1
28678,1
28679,1
28680,1
28681,1
28682,1
28683,1
28684,1
28685,1
28686,1
28687,1
28688,1
28689,1
28690,1
28691,1
28692,1
28693,1
28694,1
28695,1
28696,1
28697,1
28698,1
28699,1
28700,1
28701,1
28702,1
28703,1
28704,1
28705,1
28706,1
28707,1
28708,1
28709,1
28710,1
28711,1
28712,1
28713,1
28714,1
28715,1
28716,1
28717,1
28718,1
28719,1
28720,1
28721,1
28722,1
28723,1
28724,1
28725,1
28726,1
28727,1
28728,1
28729,1
28730,1
28731,1
28732,1
28733,1
28734,1
28735,1
28736,0
28737,1
28738,1
28739,1
28740,1
28741,1
28742,1
28743,1
28744,1
28745,1
28746,1
28747,1
28748,1
28749,1
28750,1
28751,1
28752,1
28753,1
28754,1
28755,1
28756,1
28757,1
28758,1
28759,1
28760,1
28761,0
28762,1
28763,1
28764,1
28765,1
28766,1
28767,1
28768,1
28769,1
28770,1
28771,1
28772,1
28773,1
28774,1
28775,1
28776,1
28777,0
28778,1
28779,1
28780,1
28781,1
28782,1
28783,1
28784,1
28785,1
28786,1
28787,1
28788,1
28789,0
28790,1
28791,1
28792,1
28793,1
28794,1
28795,0
28796,1
28797,1
28798,1
28799,1
28800,0
28801,1
28802,1
28803,1
28804,1
28805,0
28806,1
28807,0
28808,1
28809,1
28810,1
28811,1
28812,1
28813,1
28814,1
28815,1
28816,1
28817,0
28818,1
28819,1
28820,1
28821,1
28822,1
28823,1
28824,1
28825,0
28826,1
28827,1
28828,1
28829,1
28830,1
28831,1
28832,1
28833,1
28834,1
28835,1
28836,1
28837,0
28838,1
28839,1
28840,0
28841,0
28842,1
28843,1
28844,1
28845,1
28846,1
28847,1
28848,1
28849,1
28850,0
28851,1
28852,1
28853,1
28854,1
28855,1
28856,1
28857,1
28858,1
28859,0
28860,0
28861,1
28862,1
28863,0
28864,0
28865,1
28866,1
28867,1
28868,0
28869,0
28870,0
28871,1
28872,0
28873,1
28874,0
28875,0
28876,0
28877,1
28878,0
28879,0
28880,0
28881,0
28882,0
28883,0
28884,0
28885,0
28886,0
28887,0
28888,0
28889,0
28890,0
28891,1
28892,0
28893,0
28894,0
28895,0
28896,0
28897,0
28898,0
28899,0
28900,0
28901,0
28902,0
28903,0
28904,0
28905,0
28906,0
28907,0
28908,0
28909,0
28910,0
28911,0
28912,0
28913,0
28914,0
28915,0
28916,0
28917,0
28918,0
28919,0
28920,0
28921,0
28922,0
28923,0
28924,0
28925,0
28926,0
28927,0
28928,0
28929,0
28930,0
28931,0
28932,0
28933,0
28934,0
28935,0
28936,0
28937,0
28938,0
28939,0
28940,0
28941,0
28942,0
28943,0
28944,0
28945,0
28946,0
28947,0
28948,0
28949,0
28950,0
28951,0
28952,0
28953,0
28954,0
28955,0
28956,0
28957,0
28958,0
28959,0
28960,0
28961,0
28962,0
28963,0
28964,0
28965,0
28966,0
28967,0
28968,0
28969,0
28970,0
28971,0
28972,0
28973,0
28974,0
28975,0
28976,0
28977,0
28978,0
28979,0
28980,0
28981,0
28982,0
28983,0
28984,0
28985,0
28986,0
28987,0
28988,0
28989,0
28990,0
28991,0
28992,0
28993,0
28994,0
28995,0
28996,0
28997,0
28998,0
28999,0
29000,0
29001,0
29002,0
29003,0
29004,0
29005,0
29006,0
29007,0
29008,0
29009,0
29010,0
29011,0
29012,0
29013,0
29014,0
29015,0
29016,0
29017,0
29018,0
29019,0
29020,0
29021,0
29022,0
29023,0
29024,0
29025,0
29026,0
29027,0
29028,0
29029,0
29030,0
29031,0
29032,0
29033,0
29034,0
29035,0
29036,0
29037,0
29038,0
29039,0
29040,0
29041,0
29042,0
29043,0
29044,0
29045,0
29046,0
29047,0
29048,0
29049,0
29050,0
29051,0
29052,0
29053,0
29054,0
29055,0
29056,0
29057,0
29058,0
29059,0
29060,0
29061,0
29062,0
29063,0
29064,0
29065,0
29066,0
29067,0
29068,0
29069,0
29070,0
29071,0
29072,0
29073,0
29074,0
29075,0
29076,0
29077,0
29078,0
29079,0
29080,0
29081,0
29082,0
29083,0
29084,0
29085,0
29086,0
29087,0
29088,0
29089,0
29090,0
29091,0
29092,0
29093,0
29094,0
29095,0
29096,0
29097,0
29098,0
29099,0
29100,0
29101,0
29102,0
29103,0
29104,0
29105,0
29106,0
29107,0
29108,0
29109,0
29110,0
29111,0
29112,0
29113,0
29114,0
29115,0
29116,0
29117,0
29118,0
29119,0
29120,0
29121,0
29122,0
29123,0
29124,0
29125,0
29126,0
29127,0
29128,0
29129,0
29130,0
29131,0
29132,0
29133,0
29134,1
29135,0
29136,0
29137,0
29138,1
29139,0
29140,0
29141,0
29142,0
29143,1
29144,1
29145,1
29146,0
29147,0
29148,1
29149,1
29150,0
29151,0
29152,0
29153,0
29154,0
29155,1
29156,0
29157,0
29158,0
29159,0
29160,1
29161,1
29162,1
29163,0
29164,1
29165,1
29166,1
29167,1
29168,0
29169,1
29170,1
29171,0
29172,0
29173,0
29174,0
29175,1
29176,0
29177,1
29178,1
29179,1
29180,0
29181,1
29182,1
29183,1
29184,0
29185,1
29186,1
29187,0
29188,0
29189,1
29190,1
29191,0
29192,1
29193,1
29194,1
29195,1
29196,0
29197,0
29198,1
29199,1
29200,0
29201,1
29202,1
29203,0
29204,1
29205,1
29206,0
29207,0
29208,1
29209,1
29210,0
29211,0
29212,1
29213,1
29214,0
29215,1
29216,1
29217,1
29218,1
29219,1
29220,1
29221,1
29222,1
29223,1
29224,1
29225,0
29226,1
29227,1
29228,0
29229,1
29230,1
29231,0
29232,1
29233,1
29234,1
29235,1
29236,1
29237,1
29238,1
29239,1
29240,1
29241,1
29242,1
29243,0
29244,1
29245,1
29246,0
29247,1
29248,0
29249,1
29250,1
29251,1
29252,1
29253,1
29254,1
29255,1
29256,1
29257,0
29258,1
29259,1
29260,0
29261,1
29262,1
29263,1
29264,1
29265,1
29266,1
29267,1
29268,1
29269,1
29270,1
29271,1
29272,0
29273,1
29274,1
29275,1
29276,1
29277,1
29278,1
29279,1
29280,0
29281,1
29282,1
29283,1
29284,1
29285,1
29286,0
29287,1
29288,1
29289,1
29290,1
29291,1
29292,1
29293,1
29294,1
29295,1
29296,1
29297,1
29298,1
29299,1
29300,0
29301,1
29302,1
29303,1
29304,1
29305,1
29306,1
29307,1
29308,1
29309,1
29310,0
29311,1
29312,1
29313,1
29314,1
29315,1
29316,1
29317,1
29318,1
29319,1
29320,1
29321,1
29322,1
29323,1
29324,1
29325,1
29326,1
29327,1
29328,1
29329,1
29330,1
29331,0
29332,1
29333,1
29334,1
29335,1
29336,1
29337,1
29338,1
29339,1
29340,1
29341,1
29342,1
29343,1
29344,1
29345,1
29346,1
29347,1
29348,1
29349,0
29350,1
29351,1
29352,1
29353,1
29354,1
29355,1
29356,1
29357,1
29358,1
29359,1
29360,1
29361,1
29362,1
29363,1
29364,1
29365,0
29366,1
29367,1
29368,1
29369,1
29370,1
29371,1
29372,1
29373,1
29374,1
29375,1
29376,1
29377,1
29378,1
29379,1
29380,1
29381,1
29382,1
29383,0
29384,1
29385,1
29386,1
29387,1
29388,1
29389,1
29390,1
29391,0
29392,1
29393,1
29394,1
29395,1
29396,1
29397,1
29398,1
29399,1
29400,1
29401,1
29402,1
29403,1
29404,1
29405,1
29406,1
29407,1
29408,1
29409,1
29410,1
29411,1
29412,1
29413,1
29414,1
29415,1
29416,1
29417,1
29418,1
29419,1
29420,1
29421,1
29422,1
29423,1
29424,1
29425,1
29426,1
29427,1
29428,0
29429,1
29430,1
29431,1
29432,1
29433,1
29434,1
29435,1
29436,1
29437,1
29438,1
29439,1
29440,1
29441,1
29442,1
29443,1
29444,1
29445,0
29446,1
29447,1
29448,1
29449,1
29450,1
29451,0
29452,1
29453,0
29454,1
29455,0
29456,1
29457,0
29458,1
29459,1
29460,1
29461,1
29462,1
29463,1
29464,1
29465,1
29466,1
29467,1
29468,1
29469,1
29470,1
29471,1
29472,1
29473,1
29474,1
29475,1
29476,1
29477,1
29478,1
29479,1
29480,1
29481,1
29482,1
29483,1
29484,1
29485,1
29486,0
29487,1
29488,1
29489,0
29490,1
29491,1
29492,1
29493,1
29494,1
29495,1
29496,1
29497,1
29498,1
29499,1
29500,1
29501,1
29502,0
29503,0
29504,1
29505,1
29506,1
29507,1
29508,0
29509,0
29510,1
29511,1
29512,1
29513,1
29514,1
29515,0
29516,0
29517,0
29518,1
29519,0
29520,1
29521,1
29522,0
29523,1
29524,1
29525,1
29526,1
29527,0
29528,1
29529,1
29530,1
29531,1
29532,1
29533,1
29534,0
29535,1
29536,0
29537,0
29538,1
29539,1
29540,0
29541,1
29542,0
29543,0
29544,0
29545,0
29546,0
29547,0
29548,0
29549,0
29550,0
29551,0
29552,0
29553,0
29554,0
29555,0
29556,0
29557,0
29558,0
29559,0
29560,0
29561,0
29562,0
29563,0
29564,0
29565,0
29566,0
29567,0
29568,0
29569,0
29570,0
29571,0
29572,0
29573,0
29574,0
29575,0
29576,0
29577,0
29578,0
29579,0
29580,0
29581,0
29582,0
29583,0
29584,0
29585,0
29586,0
29587,0
29588,0
29589,0
29590,0
29591,0
29592,0
29593,0
29594,0
29595,0
29596,0
29597,0
29598,0
29599,0
29600,0
29601,0
29602,0
29603,0
29604,0
29605,0
29606,0
29607,0
29608,0
29609,0
29610,0
29611,0
29612,0
29613,0
29614,0
29615,0
29616,0
29617,0
29618,0
29619,0
29620,0
29621,0
29622,0
29623,0
29624,0
29625,0
29626,0
29627,0
29628,0
29629,0
29630,0
29631,0
29632,0
29633,0
29634,0
29635,0
29636,0
29637,0
29638,0
29639,0
29640,0
29641,0
29642,0
29643,0
29644,0
29645,0
29646,0
29647,0
29648,0
29649,0
29650,0
29651,0
29652,0
29653,0
29654,0
29655,0
29656,0
29657,0
29658,0
29659,0
29660,0
29661,0
29662,0
29663,0
29664,0
29665,0
29666,0
29667,0
29668,0
29669,0
29670,0
29671,0
29672,0
29673,0
29674,0
29675,0
29676,0
29677,0
29678,0
29679,0
29680,0
29681,0
29682,0
29683,0
29684,0
29685,0
29686,0
29687,0
29688,0
29689,0
29690,0
29691,0
29692,0
29693,0
29694,0
29695,0
29696,0
29697,0
29698,0
29699,0
29700,0
29701,0
29702,0
29703,0
29704,0
29705,0
29706,0
29707,0
29708,0
29709,0
29710,0
29711,0
29712,0
29713,0
29714,0
29715,0
29716,0
29717,0
29718,0
29719,0
29720,0
29721,0
29722,0
29723,0
29724,0
29725,0
29726,0
29727,0
29728,0
29729,0
29730,0
29731,0
29732,0
29733,0
29734,0
29735,0
29736,0
29737,0
29738,0
29739,0
29740,0
29741,0
29742,0
29743,0
29744,0
29745,0
29746,0
29747,0
29748,0
29749,0
29750,0
29751,0
29752,0
29753,0
29754,0
29755,0
29756,0
29757,0
29758,0
29759,0
29760,0
29761,0
29762,0
29763,0
29764,0
29765,0
29766,0
29767,0
29768,0
29769,0
29770,0
29771,0
29772,0
29773,0
29774,0
29775,0
29776,0
29777,0
29778,0
29779,0
29780,0
29781,0
29782,0
29783,0
29784,0
29785,0
29786,0
29787,0
29788,1
29789,0
29790,0
29791,0
29792,0
29793,0
29794,0
29795,0
29796,1
29797,0
29798,1
29799,1
29800,0
29801,0
29802,0
29803,0
29804,1
29805,1
29806,0
29807,0
29808,0
29809,0
29810,1
29811,0
29812,0
29813,1
29814,0
29815,0
29816,0
29817,1
29818,1
29819,1
29820,1
29821,0
29822,1
29823,0
29824,0
29825,0
29826,0
29827,0
29828,0
29829,0
29830,0
29831,1
29832,0
29833,1
29834,0
29835,1
29836,1
29837,1
29838,0
29839,0
29840,1
29841,0
29842,1
29843,1
29844,0
29845,1
29846,1
29847,0
29848,1
29849,1
29850,0
29851,1
29852,1
29853,1
29854,1
29855,1
29856,0
29857,1
29858,0
29859,1
29860,1
29861,1
29862,1
29863,1
29864,1
29865,1
29866,1
29867,0
29868,1
29869,0
29870,1
29871,1
29872,0
29873,0
29874,0
29875,1
29876,0
29877,1
29878,0
29879,1
29880,0
29881,1
29882,1
29883,1
29884,1
29885,1
29886,0
29887,0
29888,1
29889,1
29890,1
29891,1
29892,1
29893,1
29894,0
29895,1
29896,1
29897,1
29898,1
29899,0
29900,1
29901,1
29902,1
29903,1
29904,1
29905,1
29906,0
29907,1
29908,1
29909,1
29910,0
29911,1
29912,1
29913,1
29914,0
29915,1
29916,1
29917,1
29918,1
29919,1
29920,1
29921,1
29922,1
29923,0
29924,0
29925,1
29926,1
29927,0
29928,1
29929,1
29930,1
29931,1
29932,1
29933,1
29934,1
29935,1
29936,1
29937,1
29938,1
29939,1
29940,1
29941,0
29942,1
29943,1
29944,0
29945,0
29946,0
29947,1
29948,1
29949,1
29950,1
29951,1
29952,1
29953,1
29954,1
29955,1
29956,1
29957,1
29958,1
29959,1
29960,1
29961,1
29962,1
29963,1
29964,1
29965,1
29966,1
29967,1
29968,1
29969,1
29970,0
29971,1
29972,1
29973,1
29974,1
29975,1
29976,1
29977,1
29978,1
29979,1
29980,1
29981,1
29982,1
29983,1
29984,1
29985,1
29986,1
29987,1
29988,1
29989,1
29990,1
29991,1
29992,1
29993,1
29994,1
29995,1
29996,1
29997,1
29998,1
29999,1
30000,1
30001,1
30002,1
30003,1
30004,1
30005,1
30006,1
30007,1
30008,1
30009,1
30010,1
30011,1
30012,1
30013,1
30014,1
30015,1
30016,1
30017,1
30018,0
30019,1
30020,1
30021,1
30022,1
30023,1
30024,1
30025,1
30026,1
30027,1
30028,1
30029,1
30030,1
30031,1
30032,1
30033,1
30034,1
30035,1
30036,1
30037,1
30038,0
30039,1
30040,1
30041,1
30042,1
30043,1
30044,1
30045,1
30046,1
30047,1
30048,1
30049,1
30050,1
30051,1
30052,1
30053,1
30054,1
30055,1
30056,1
30057,1
30058,1
30059,1
30060,1
30061,1
30062,1
30063,1
30064,1
30065,1
30066,1
30067,1
30068,1
30069,1
30070,1
30071,1
30072,1
30073,1
30074,1
30075,1
30076,1
30077,1
30078,1
30079,1
30080,1
30081,1
30082,1
30083,1
30084,1
30085,1
30086,1
30087,1
30088,1
30089,1
30090,1
30091,1
30092,1
30093,1
30094,1
30095,0
30096,1
30097,1
30098,1
30099,1
30100,1
30101,1
30102,1
30103,1
30104,1
30105,0
30106,1
30107,1
30108,1
30109,1
30110,1
30111,1
30112,1
30113,1
30114,1
30115,1
30116,1
30117,1
30118,1
30119,1
30120,1
30121,1
30122,1
30123,1
30124,1
30125,1
30126,1
30127,1
30128,1
30129,1
30130,1
30131,1
30132,1
30133,1
30134,1
30135,1
30136,0
30137,1
30138,1
30139,1
30140,1
30141,1
30142,1
30143,1
30144,1
30145,1
30146,1
30147,1
30148,1
30149,1
30150,0
30151,1
30152,1
30153,1
30154,1
30155,1
30156,1
30157,1
30158,1
30159,1
30160,1
30161,1
30162,1
30163,1
30164,1
30165,1
30166,0
30167,1
30168,1
30169,1
30170,1
30171,1
30172,1
30173,0
30174,1
30175,0
30176,1
30177,1
30178,1
30179,1
30180,1
30181,1
30182,1
30183,1
30184,1
30185,1
30186,1
30187,1
30188,1
30189,1
30190,1
30191,0
30192,1
30193,1
30194,0
30195,1
30196,0
30197,1
30198,0
30199,0
30200,1
30201,0
30202,0
30203,0
30204,0
30205,0
30206,1
30207,1
30208,1
30209,1
30210,0
30211,1
30212,1
30213,0
30214,0
30215,0
30216,1
30217,0
30218,1
30219,0
30220,0
30221,1
30222,0
30223,1
30224,0
30225,1
30226,1
30227,0
30228,1
30229,1
30230,0
30231,0
30232,1
30233,1
30234,1
30235,0
30236,0
30237,0
30238,0
30239,0
30240,0
30241,0
30242,0
30243,0
30244,0
30245,0
30246,0
30247,0
30248,0
30249,0
30250,0
30251,0
30252,0
30253,0
30254,0
30255,0
30256,0
30257,0
30258,0
30259,0
30260,0
30261,0
30262,0
30263,0
30264,0
30265,0
30266,0
30267,0
30268,0
30269,0
30270,0
30271,0
30272,0
30273,0
30274,0
30275,0
30276,0
30277,0
30278,0
30279,0
30280,0
30281,0
30282,0
30283,0
30284,0
30285,0
30286,0
30287,0
30288,0
30289,0
30290,0
30291,0
30292,0
30293,0
30294,0
30295,0
30296,0
30297,0
30298,0
30299,0
30300,0
30301,0
30302,0
30303,0
30304,0
30305,0
30306,0
30307,0
30308,0
30309,0
30310,0
30311,0
30312,0
30313,0
30314,0
30315,0
30316,0
30317,0
30318,0
30319,0
30320,0
30321,0
30322,0
30323,0
30324,0
30325,0
30326,0
30327,0
30328,0
30329,0
30330,0
30331,0
30332,0
30333,0
30334,0
30335,0
30336,0
30337,0
30338,0
30339,0
30340,0
30341,0
30342,0
30343,0
30344,0
30345,0
30346,0
30347,0
30348,0
30349,0
30350,0
30351,0
30352,0
30353,0
30354,0
30355,0
30356,0
30357,0
30358,0
30359,0
30360,0
30361,0
30362,0
30363,0
30364,0
30365,0
30366,0
30367,0
30368,0
30369,0
30370,0
30371,0
30372,0
30373,0
30374,0
30375,0
30376,0
30377,0
30378,0
30379,0
30380,0
30381,0
30382,0
30383,0
30384,0
30385,0
30386,0
30387,0
30388,0
30389,0
30390,0
30391,0
30392,0
30393,0
30394,0
30395,0
30396,0
30397,0
30398,0
30399,0
30400,0
30401,0
30402,0
30403,0
30404,0
30405,0
30406,0
30407,0
30408,0
30409,0
30410,0
30411,0
30412,0
30413,0
30414,0
30415,0
30416,0
30417,0
30418,0
30419,0
30420,0
30421,0
30422,0
30423,0
30424,0
30425,0
30426,0
30427,0
30428,0
30429,0
30430,0
30431,0
30432,0
30433,0
30434,0
30435,0
30436,0
30437,0
30438,0
30439,0
30440,0
30441,0
30442,0
30443,0
30444,0
30445,0
30446,0
30447,0
30448,0
30449,0
30450,0
30451,0
30452,0
30453,0
30454,0
30455,0
30456,0
30457,0
30458,0
30459,0
30460,0
30461,0
30462,0
30463,0
30464,0
30465,0
30466,0
30467,0
30468,0
30469,0
30470,0
30471,0
30472,0
30473,0
30474,0
30475,0
30476,0
30477,0
30478,0
30479,0
30480,0
30481,0
30482,0
30483,0
30484,0
30485,0
30486,0
30487,0
30488,0
30489,0
30490,0
30491,0
30492,0
30493,0
30494,0
30495,0
30496,0
30497,0
30498,0
30499,0
30500,0
30501,1
30502,0
30503,0
30504,0
30505,0
30506,0
30507,0
30508,0
30509,0
30510,0
30511,0
30512,1
30513,0
30514,0
30515,1
30516,1
30517,0
30518,0
30519,0
30520,0
30521,0
30522,1
30523,0
30524,1
30525,1
30526,0
30527,1
30528,0
30529,1
30530,0
30531,1
30532,1
30533,0
30534,0
30535,1
30536,0
30537,1
30538,0
30539,1
30540,1
30541,1
30542,0
30543,0
30544,1
30545,0
30546,0
30547,1
30548,1
30549,1
30550,1
30551,1
30552,0
30553,1
30554,1
30555,0
30556,0
30557,1
30558,1
30559,0
30560,1
30561,1
30562,1
30563,0
30564,1
30565,1
30566,1
30567,1
30568,1
30569,0
30570,0
30571,1
30572,1
30573,1
30574,0
30575,0
30576,0
30577,0
30578,0
30579,1
30580,0
30581,1
30582,1
30583,1
30584,1
30585,1
30586,1
30587,0
30588,0
30589,0
30590,1
30591,1
30592,1
30593,1
30594,0
30595,1
30596,1
30597,1
30598,1
30599,1
30600,1
30601,0
30602,0
30603,1
30604,1
30605,1
30606,1
30607,1
30608,1
30609,0
30610,1
30611,1
30612,1
30613,1
30614,1
30615,0
30616,0
30617,1
30618,1
30619,1
30620,0
30621,1
30622,1
30623,0
30624,1
30625,1
30626,0
30627,1
30628,0
30629,1
30630,1
30631,0
30632,1
30633,1
30634,1
30635,1
30636,1
30637,1
30638,1
30639,1
30640,1
30641,0
30642,1
30643,1
30644,0
30645,1
30646,1
30647,1
30648,1
30649,1
30650,1
30651,1
30652,1
30653,1
30654,1
30655,1
30656,1
30657,0
30658,0
30659,1
30660,1
30661,1
30662,1
30663,1
30664,1
30665,1
30666,1
30667,1
30668,1
30669,1
30670,1
30671,0
30672,0
30673,1
30674,1
30675,0
30676,1
30677,1
30678,1
30679,1
30680,1
30681,1
30682,1
30683,1
30684,1
30685,1
30686,1
30687,1
30688,1
30689,1
30690,1
30691,1
30692,1
30693,1
30694,1
30695,1
30696,1
30697,1
30698,1
30699,1
30700,1
30701,0
30702,1
30703,1
30704,1
30705,1
30706,1
30707,1
30708,1
30709,1
30710,1
30711,1
30712,1
30713,1
30714,1
30715,1
30716,1
30717,1
30718,1
30719,1
30720,1
30721,1
30722,1
30723,1
30724,1
30725,1
30726,1
30727,1
30728,1
30729,1
30730,1
30731,1
30732,1
30733,1
30734,1
30735,1
30736,1
30737,1
30738,1
30739,1
30740,1
30741,1
30742,1
30743,1
30744,1
30745,1
30746,1
30747,1
30748,1
30749,1
30750,1
30751,1
30752,1
30753,1
30754,1
30755,1
30756,1
30757,0
30758,1
30759,1
30760,1
30761,1
30762,1
30763,1
30764,1
30765,1
30766,1
30767,1
30768,1
30769,1
30770,1
30771,1
30772,1
30773,1
30774,1
30775,1
30776,1
30777,1
30778,1
30779,1
30780,1
30781,1
30782,1
30783,1
30784,1
30785,1
30786,1
30787,1
30788,1
30789,1
30790,1
30791,1
30792,1
30793,1
30794,1
30795,1
30796,1
30797,1
30798,1
30799,1
30800,1
30801,1
30802,1
30803,1
30804,1
30805,1
30806,1
30807,1
30808,1
30809,1
30810,1
30811,1
30812,1
30813,1
30814,1
30815,1
30816,1
30817,1
30818,1
30819,1
30820,1
30821,1
30822,1
30823,1
30824,1
30825,1
30826,1
30827,1
30828,1
30829,0
30830,0
30831,1
30832,1
30833,1
30834,1
30835,0
30836,1
30837,1
30838,1
30839,1
30840,1
30841,1
30842,1
30843,1
30844,1
30845,1
30846,0
30847,1
30848,1
30849,1
30850,1
30851,1
30852,1
30853,1
30854,1
30855,1
30856,1
30857,1
30858,1
30859,1
30860,1
30861,1
30862,1
30863,0
30864,1
30865,1
30866,0
30867,1
30868,1
30869,0
30870,0
30871,1
30872,1
30873,1
30874,1
30875,1
30876,1
30877,1
30878,0
30879,1
30880,1
30881,1
30882,1
30883,1
30884,1
30885,0
30886,1
30887,1
30888,1
30889,1
30890,0
30891,1
30892,1
30893,1
30894,1
30895,1
30896,1
30897,0
30898,1
30899,0
30900,1
30901,1
30902,1
30903,0
30904,1
30905,0
30906,1
30907,1
30908,1
30909,0
30910,1
30911,1
30912,1
30913,1
30914,0
30915,1
30916,1
30917,0
30918,1
30919,1
30920,1
30921,1
30922,1
30923,1
30924,0
30925,1
30926,1
30927,1
30928,1
30929,1
30930,1
30931,0
30932,0
30933,1
30934,0
30935,0
30936,1
30937,0
30938,0
30939,0
30940,0
30941,0
30942,1
30943,0
30944,0
30945,0
30946,0
30947,0
30948,0
30949,0
30950,0
30951,0
30952,0
30953,0
30954,0
30955,0
30956,0
30957,0
30958,0
30959,0
30960,0
30961,0
30962,0
30963,0
30964,0
30965,0
30966,0
30967,0
30968,0
30969,0
30970,0
30971,0
30972,0
30973,0
30974,0
30975,0
30976,0
30977,0
30978,0
30979,0
30980,0
30981,0
30982,0
30983,0
30984,0
30985,0
30986,0
30987,0
30988,0
30989,0
30990,0
30991,0
30992,0
30993,0
30994,0
30995,0
30996,0
30997,0
30998,0
30999,0
31000,0
31001,0
31002,0
31003,0
31004,0
31005,0
31006,0
31007,0
31008,0
31009,0
31010,0
31011,0
31012,0
31013,0
31014,0
31015,0
31016,0
31017,0
31018,0
31019,0
31020,0
31021,0
31022,0
31023,0
31024,0
31025,0
31026,0
31027,0
31028,0
31029,0
31030,0
31031,0
31032,0
31033,0
31034,0
31035,0
31036,0
31037,0
31038,0
31039,0
31040,0
31041,0
31042,0
31043,0
31044,0
31045,0
31046,0
31047,0
31048,0
31049,0
31050,0
31051,0
31052,0
31053,0
31054,0
31055,0
31056,0
31057,0
31058,0
31059,0
31060,0
31061,0
31062,0
31063,0
31064,0
31065,0
31066,0
31067,0
31068,0
31069,0
31070,0
31071,0
31072,0
31073,0
31074,0
31075,0
31076,0
31077,0
31078,0
31079,0
31080,0
31081,0
31082,0
31083,0
31084,0
31085,0
31086,0
31087,0
31088,0
31089,0
31090,0
31091,0
31092,0
31093,0
31094,0
31095,0
31096,0
31097,0
31098,0
31099,0
31100,0
31101,0
31102,0
31103,0
31104,0
31105,0
31106,0
31107,0
31108,0
31109,0
31110,0
31111,0
31112,0
31113,0
31114,0
31115,0
31116,0
31117,0
31118,0
31119,0
31120,0
31121,0
31122,0
31123,0
31124,0
31125,0
31126,0
31127,0
31128,0
31129,0
31130,0
31131,0
31132,0
31133,0
31134,0
31135,0
31136,0
31137,0
31138,0
31139,0
31140,0
31141,0
31142,0
31143,0
31144,0
31145,0
31146,0
31147,0
31148,0
31149,0
31150,0
31151,0
31152,0
31153,0
31154,0
31155,0
31156,0
31157,0
31158,0
31159,0
31160,0
31161,0
31162,0
31163,0
31164,0
31165,0
31166,0
31167,0
31168,0
31169,0
31170,0
31171,0
31172,0
31173,0
31174,0
31175,0
31176,0
31177,0
31178,0
31179,0
31180,0
31181,0
31182,0
31183,0
31184,0
31185,0
31186,0
31187,0
31188,0
31189,0
31190,0
31191,0
31192,0
31193,1
31194,0
31195,1
31196,1
31197,0
31198,1
31199,1
31200,1
31201,0
31202,0
31203,0
31204,0
31205,0
31206,0
31207,0
31208,0
31209,0
31210,1
31211,1
31212,0
31213,1
31214,0
31215,0
31216,0
31217,0
31218,0
31219,1
31220,0
31221,1
31222,1
31223,0
31224,1
31225,1
31226,1
31227,0
31228,1
31229,1
31230,1
31231,1
31232,0
31233,1
31234,1
31235,1
31236,0
31237,1
31238,0
31239,0
31240,0
31241,1
31242,0
31243,1
31244,0
31245,0
31246,1
31247,0
31248,1
31249,0
31250,0
31251,1
31252,1
31253,1
31254,1
31255,1
31256,0
31257,1
31258,1
31259,1
31260,1
31261,1
31262,1
31263,1
31264,1
31265,1
31266,1
31267,0
31268,0
31269,1
31270,1
31271,1
31272,0
31273,1
31274,1
31275,1
31276,1
31277,0
31278,0
31279,1
31280,1
31281,1
31282,1
31283,0
31284,1
31285,1
31286,1
31287,1
31288,0
31289,1
31290,0
31291,0
31292,1
31293,0
31294,1
31295,0
31296,1
31297,1
31298,1
31299,0
31300,1
31301,0
31302,1
31303,0
31304,1
31305,1
31306,1
31307,1
31308,1
31309,0
31310,1
31311,1
31312,1
31313,0
31314,1
31315,1
31316,1
31317,1
31318,1
31319,1
31320,0
31321,1
31322,1
31323,0
31324,1
31325,1
31326,1
31327,0
31328,0
31329,1
31330,0
31331,1
31332,1
31333,0
31334,1
31335,1
31336,1
31337,1
31338,1
31339,1
31340,1
31341,1
31342,1
31343,1
31344,1
31345,1
31346,1
31347,1
31348,0
31349,1
31350,1
31351,1
31352,1
31353,1
31354,1
31355,0
31356,1
31357,1
31358,1
31359,1
31360,1
31361,1
31362,0
31363,1
31364,0
31365,1
31366,1
31367,1
31368,1
31369,1
31370,1
31371,1
31372,1
31373,1
31374,1
31375,1
31376,1
31377,1
31378,1
31379,1
31380,1
31381,1
31382,1
31383,0
31384,1
31385,1
31386,1
31387,0
31388,1
31389,1
31390,1
31391,1
31392,1
31393,0
31394,1
31395,1
31396,1
31397,1
31398,1
31399,1
31400,1
31401,1
31402,1
31403,1
31404,1
31405,1
31406,1
31407,1
31408,1
31409,0
31410,1
31411,1
31412,1
31413,1
31414,1
31415,1
31416,1
31417,1
31418,1
31419,1
31420,1
31421,1
31422,1
31423,1
31424,1
31425,1
31426,1
31427,1
31428,1
31429,1
31430,1
31431,1
31432,1
31433,1
31434,1
31435,1
31436,1
31437,1
31438,1
31439,1
31440,1
31441,1
31442,1
31443,1
31444,1
31445,1
31446,0
31447,1
31448,0
31449,1
31450,0
31451,1
31452,1
31453,1
31454,1
31455,1
31456,1
31457,1
31458,1
31459,1
31460,1
31461,1
31462,1
31463,1
31464,1
31465,1
31466,1
31467,1
31468,1
31469,1
31470,1
31471,1
31472,1
31473,1
31474,1
31475,1
31476,1
31477,1
31478,1
31479,1
31480,0
31481,1
31482,1
31483,0
31484,0
31485,1
31486,1
31487,1
31488,1
31489,1
31490,1
31491,1
31492,1
31493,1
31494,1
31495,0
31496,1
31497,1
31498,1
31499,1
31500,1
31501,1
31502,0
31503,0
31504,1
31505,1
31506,1
31507,1
31508,1
31509,1
31510,1
31511,1
31512,1
31513,1
31514,1
31515,1
31516,0
31517,1
31518,1
31519,1
31520,0
31521,1
31522,1
31523,1
31524,1
31525,1
31526,1
31527,1
31528,1
31529,1
31530,1
31531,1
31532,1
31533,1
31534,1
31535,1
31536,1
31537,1
31538,1
31539,1
31540,0
31541,1
31542,1
31543,1
31544,1
31545,1
31546,1
31547,1
31548,1
31549,1
31550,1
31551,1
31552,1
31553,1
31554,0
31555,1
31556,1
31557,1
31558,1
31559,1
31560,1
31561,1
31562,0
31563,0
31564,1
31565,0
31566,1
31567,1
31568,1
31569,0
31570,1
31571,1
31572,1
31573,1
31574,0
31575,1
31576,1
31577,0
31578,0
31579,0
31580,1
31581,1
31582,0
31583,1
31584,0
31585,1
31586,1
31587,1
31588,0
31589,1
31590,1
31591,1
31592,0
31593,1
31594,1
31595,1
31596,1
31597,0
31598,1
31599,0
31600,1
31601,0
31602,0
31603,0
31604,1
31605,1
31606,1
31607,0
31608,0
31609,0
31610,1
31611,0
31612,0
31613,1
31614,0
31615,0
31616,0
31617,0
31618,0
31619,0
31620,0
31621,0
31622,0
31623,0
31624,0
31625,0
31626,0
31627,0
31628,0
31629,0
31630,0
31631,0
31632,0
31633,0
31634,0
31635,0
31636,0
31637,0
31638,0
31639,0
31640,0
31641,0
31642,0
31643,0
31644,0
31645,0
31646,0
31647,0
31648,0
31649,0
31650,0
31651,0
31652,0
31653,0
31654,0
31655,0
31656,0
31657,0
31658,0
31659,0
31660,0
31661,0
31662,0
31663,0
31664,0
31665,0
31666,0
31667,0
31668,0
31669,0
31670,0
31671,0
31672,0
31673,0
31674,0
31675,0
31676,0
31677,0
31678,0
31679,0
31680,0
31681,0
31682,0
31683,0
31684,0
31685,0
31686,0
31687,0
31688,0
31689,0
31690,0
31691,0
31692,0
31693,0
31694,0
31695,0
31696,0
31697,0
31698,0
31699,0
31700,0
31701,0
31702,0
31703,0
31704,0
31705,0
31706,0
31707,0
31708,0
31709,0
31710,0
31711,0
31712,0
31713,0
31714,0
31715,0
31716,0
31717,0
31718,0
31719,0
31720,0
31721,0
31722,0
31723,0
31724,0
31725,0
31726,0
31727,0
31728,0
31729,0
31730,0
31731,0
31732,0
31733,0
31734,0
31735,0
31736,0
31737,0
31738,0
31739,0
31740,0
31741,0
31742,0
31743,0
31744,0
31745,0
31746,0
31747,0
31748,0
31749,0
31750,0
31751,0
31752,0
31753,0
31754,0
31755,0
31756,0
31757,0
31758,0
31759,0
31760,0
31761,0
31762,0
31763,0
31764,0
31765,0
31766,0
31767,0
31768,0
31769,0
31770,0
31771,0
31772,0
31773,0
31774,0
31775,0
31776,0
31777,0
31778,0
31779,0
31780,0
31781,0
31782,0
31783,0
31784,0
31785,0
31786,0
31787,0
31788,0
31789,0
31790,0
31791,0
31792,0
31793,0
31794,0
31795,0
31796,0
31797,0
31798,0
31799,0
31800,0
31801,0
31802,0
31803,0
31804,0
31805,0
31806,0
31807,0
31808,0
31809,0
31810,0
31811,0
31812,0
31813,0
31814,0
31815,0
31816,0
31817,0
31818,0
31819,0
31820,0
31821,0
31822,0
31823,0
31824,0
31825,0
31826,0
31827,0
31828,0
31829,0
31830,0
31831,0
31832,0
31833,0
31834,0
31835,0
31836,0
31837,0
31838,0
31839,0
31840,0
31841,0
31842,0
31843,0
31844,0
31845,0
31846,0
31847,0
31848,0
31849,0
31850,0
31851,0
31852,0
31853,0
31854,0
31855,0
31856,0
31857,0
31858,0
31859,1
31860,1
31861,0
31862,0
31863,0
31864,1
31865,1
31866,0
31867,0
31868,1
31869,0
31870,1
31871,0
31872,1
31873,0
31874,1
31875,0
31876,0
31877,0
31878,1
31879,0
31880,0
31881,1
31882,0
31883,0
31884,0
31885,1
31886,1
31887,0
31888,0
31889,1
31890,1
31891,1
31892,1
31893,0
31894,0
31895,0
31896,0
31897,1
31898,1
31899,0
31900,0
31901,1
31902,0
31903,0
31904,1
31905,1
31906,1
31907,0
31908,0
31909,0
31910,0
31911,1
31912,1
31913,1
31914,1
31915,1
31916,1
31917,0
31918,0
31919,0
31920,0
31921,1
31922,0
31923,1
31924,0
31925,1
31926,1
31927,0
31928,0
31929,1
31930,1
31931,1
31932,1
31933,0
31934,0
31935,1
31936,1
31937,1
31938,1
31939,0
31940,1
31941,0
31942,1
31943,1
31944,1
31945,1
31946,1
31947,0
31948,1
31949,1
31950,1
31951,1
31952,1
31953,1
31954,1
31955,1
31956,0
31957,1
31958,1
31959,1
31960,1
31961,1
31962,1
31963,0
31964,0
31965,1
31966,1
31967,1
31968,1
31969,0
31970,1
31971,0
31972,1
31973,1
31974,0
31975,0
31976,1
31977,1
31978,1
31979,1
31980,1
31981,1
31982,1
31983,0
31984,1
31985,1
31986,1
31987,1
31988,1
31989,1
31990,1
31991,1
31992,1
31993,1
31994,1
31995,1
31996,1
31997,1
31998,1
31999,1
32000,1
32001,1
32002,1
32003,1
32004,1
32005,1
32006,1
32007,1
32008,1
32009,1
32010,1
32011,1
32012,1
32013,1
32014,1
32015,1
32016,1
32017,1
32018,1
32019,1
32020,1
32021,1
32022,1
32023,1
32024,0
32025,1
32026,1
32027,1
32028,1
32029,1
32030,1
32031,1
32032,1
32033,1
32034,1
32035,1
32036,1
32037,1
32038,1
32039,1
32040,1
32041,1
32042,1
32043,1
32044,1
32045,1
32046,1
32047,1
32048,1
32049,1
32050,1
32051,1
32052,1
32053,1
32054,1
32055,1
32056,1
32057,1
32058,1
32059,1
32060,1
32061,1
32062,1
32063,1
32064,1
32065,1
32066,1
32067,1
32068,1
32069,1
32070,1
32071,1
32072,1
32073,1
32074,1
32075,1
32076,1
32077,1
32078,1
32079,1
32080,1
32081,1
32082,1
32083,1
32084,1
32085,1
32086,1
32087,1
32088,1
32089,1
32090,1
32091,1
32092,1
32093,1
32094,1
32095,1
32096,1
32097,1
32098,1
32099,1
32100,1
32101,1
32102,1
32103,1
32104,1
32105,1
32106,1
32107,1
32108,1
32109,1
32110,1
32111,1
32112,1
32113,1
32114,1
32115,1
32116,1
32117,1
32118,1
32119,1
32120,1
32121,1
32122,1
32123,1
32124,1
32125,1
32126,1
32127,1
32128,1
32129,1
32130,1
32131,1
32132,1
32133,1
32134,1
32135,1
32136,1
32137,1
32138,1
32139,1
32140,1
32141,1
32142,1
32143,1
32144,1
32145,1
32146,1
32147,1
32148,1
32149,1
32150,1
32151,1
32152,1
32153,1
32154,1
32155,1
32156,1
32157,1
32158,1
32159,1
32160,1
32161,1
32162,1
32163,1
32164,1
32165,1
32166,1
32167,1
32168,1
32169,1
32170,1
32171,1
32172,1
32173,1
32174,1
32175,1
32176,1
32177,1
32178,1
32179,1
32180,1
32181,1
32182,1
32183,1
32184,1
32185,1
32186,1
32187,1
32188,1
32189,1
32190,1
32191,1
32192,1
32193,1
32194,1
32195,1
32196,1
32197,1
32198,1
32199,1
32200,1
32201,1
32202,1
32203,1
32204,1
32205,1
32206,1
32207,1
32208,1
32209,1
32210,1
32211,1
32212,1
32213,1
32214,1
32215,1
32216,1
32217,1
32218,1
32219,1
32220,1
32221,0
32222,1
32223,1
32224,1
32225,1
32226,1
32227,1
32228,1
32229,1
32230,1
32231,1
32232,1
32233,1
32234,1
32235,1
32236,1
32237,1
32238,1
32239,1
32240,1
32241,1
32242,1
32243,1
32244,1
32245,1
32246,1
32247,1
32248,0
32249,1
32250,0
32251,1
32252,1
32253,1
32254,1
32255,1
32256,1
32257,1
32258,1
32259,1
32260,1
32261,1
32262,1
32263,1
32264,1
32265,1
32266,0
32267,1
32268,1
32269,1
32270,1
32271,1
32272,1
32273,1
32274,1
32275,0
32276,1
32277,1
32278,1
32279,1
32280,1
32281,1
32282,1
32283,1
32284,1
32285,1
32286,1
32287,1
32288,1
32289,1
32290,1
32291,1
32292,1
32293,1
32294,1
32295,1
32296,1
32297,0
32298,1
32299,1
32300,0
32301,0
32302,1
32303,0
32304,1
32305,0
32306,0
32307,0
32308,1
32309,1
32310,1
32311,1
32312,1
32313,0
32314,1
32315,1
32316,1
32317,0
32318,1
32319,0
32320,0
32321,1
32322,1
32323,1
32324,0
32325,0
32326,0
32327,1
32328,1
32329,0
32330,0
32331,1
32332,0
32333,0
32334,0
32335,0
32336,0
32337,0
32338,0
32339,0
32340,0
32341,0
32342,0
32343,0
32344,0
32345,0
32346,0
32347,0
32348,0
32349,0
32350,0
32351,0
32352,0
32353,0
32354,0
32355,0
32356,0
32357,0
32358,0
32359,0
32360,0
32361,0
32362,0
32363,0
32364,0
32365,0
32366,0
32367,0
32368,0
32369,0
32370,0
32371,0
32372,0
32373,0
32374,0
32375,0
32376,0
32377,0
32378,0
32379,0
32380,0
32381,0
32382,0
32383,0
32384,0
32385,0
32386,0
32387,0
32388,0
32389,0
32390,0
32391,0
32392,0
32393,0
32394,0
32395,0
32396,0
32397,0
32398,0
32399,0
32400,0
32401,0
32402,0
32403,0
32404,0
32405,0
32406,0
32407,0
32408,0
32409,0
32410,0
32411,0
32412,0
32413,0
32414,0
32415,0
32416,0
32417,0
32418,0
32419,0
32420,0
32421,0
32422,0
32423,0
32424,0
32425,0
32426,0
32427,0
32428,0
32429,0
32430,0
32431,0
32432,0
32433,0
32434,0
32435,0
32436,0
32437,0
32438,0
32439,0
32440,0
32441,0
32442,0
32443,0
32444,0
32445,0
32446,0
32447,0
32448,0
32449,0
32450,0
32451,0
32452,0
32453,0
32454,0
32455,0
32456,0
32457,0
32458,0
32459,0
32460,0
32461,0
32462,0
32463,0
32464,0
32465,0
32466,0
32467,0
32468,0
32469,0
32470,0
32471,0
32472,0
32473,0
32474,0
32475,0
32476,0
32477,0
32478,0
32479,0
32480,0
32481,0
32482,0
32483,0
32484,0
32485,0
32486,0
32487,0
32488,0
32489,0
32490,0
32491,0
32492,0
32493,0
32494,0
32495,0
32496,0
32497,0
32498,0
32499,0
32500,0
32501,0
32502,0
32503,0
32504,0
32505,0
32506,0
32507,0
32508,0
32509,0
32510,0
32511,0
32512,0
32513,0
32514,0
32515,0
32516,0
32517,0
32518,0
32519,0
32520,0
32521,0
32522,0
32523,0
32524,0
32525,0
32526,0
32527,0
32528,0
32529,0
32530,0
32531,0
32532,0
32533,0
32534,0
32535,0
32536,0
32537,0
32538,0
32539,0
32540,0
32541,0
32542,0
32543,0
32544,0
32545,0
32546,0
32547,0
32548,0
32549,0
32550,0
32551,0
32552,0
32553,0
32554,0
32555,0
32556,0
32557,0
32558,0
32559,0
32560,0
32561,0
32562,0
32563,0
32564,0
32565,0
32566,0
32567,0
32568,0
32569,0
32570,0
32571,0
32572,0
32573,0
32574,0
32575,0
32576,0
32577,0
32578,0
32579,0
32580,0
32581,0
32582,0
32583,0
32584,0
32585,0
32586,0
32587,0
32588,0
32589,0
32590,0
32591,0
32592,0
32593,0
32594,0
32595,0
32596,0
32597,0
32598,0
32599,0
32600,0
32601,0
32602,0
32603,0
32604,0
32605,0
32606,0
32607,0
32608,0
32609,0
32610,0
32611,0
32612,0
32613,0
32614,0
32615,0
32616,0
32617,0
32618,0
32619,0
32620,0
32621,0
32622,0
32623,0
32624,0
32625,0
32626,0
32627,0
32628,0
32629,0
32630,0
32631,0
32632,0
32633,0
32634,1
32635,0
32636,0
32637,0
32638,0
32639,0
32640,0
32641,0
32642,0
32643,0
32644,0
32645,0
32646,0
32647,0
32648,1
32649,1
32650,0
32651,1
32652,0
32653,1
32654,0
32655,1
32656,0
32657,1
32658,0
32659,1
32660,0
32661,0
32662,0
32663,0
32664,1
32665,0
32666,1
32667,0
32668,0
32669,0
32670,0
32671,0
32672,0
32673,0
32674,1
32675,0
32676,1
32677,1
32678,1
32679,1
32680,0
32681,1
32682,1
32683,1
32684,0
32685,1
32686,0
32687,1
32688,1
32689,0
32690,0
32691,0
32692,1
32693,1
32694,0
32695,0
32696,1
32697,0
32698,1
32699,1
32700,0
32701,1
32702,1
32703,0
32704,1
32705,1
32706,0
32707,1
32708,1
32709,1
32710,0
32711,1
32712,1
32713,0
32714,1
32715,0
32716,1
32717,0
32718,1
32719,1
32720,1
32721,1
32722,1
32723,0
32724,1
32725,0
32726,1
32727,1
32728,0
32729,1
32730,1
32731,0
32732,0
32733,1
32734,1
32735,1
32736,1
32737,0
32738,1
32739,1
32740,1
32741,1
32742,0
32743,1
32744,1
32745,1
32746,1
32747,1
32748,1
32749,1
32750,1
32751,1
32752,0
32753,1
32754,1
32755,1
32756,1
32757,1
32758,1
32759,0
32760,1
32761,1
32762,1
32763,1
32764,1
32765,1
32766,1
32767,0
